01053;51.0562;13.7323
01054;51.0466;13.7492
01055;51.0569;13.7287
01056;51.0355;13.7404
01057;51.0456;13.7387
01058;51.0466;13.7268
01059;51.0826;13.7258
01060;51.1037;13.7709
01062;51.0289;13.7239
01063;51.0334;13.7072
01064;51.0387;13.7327
01065;51.0387;13.7327
01067;51.0547;13.7269
01069;51.0430;13.7373
01070;51.0334;13.7072
01095;51.0573;13.7493
01097;51.0714;13.7399
01099;51.0783;13.8051
01108;51.1557;13.7825
01109;51.1167;13.7500
01127;51.0790;13.7208
01129;51.0967;13.7360
01139;51.0836;13.6981
01156;51.0500;13.6214
01157;51.0707;13.6729
01159;51.0452;13.6996
01169;51.0443;13.6738
01187;51.0281;13.6943
01189;51.0500;13.7500
01213;51.0408;13.7198
01217;51.0500;13.7500
01219;51.0210;13.7679
01237;51.0130;13.7988
01239;51.0066;13.8089
01255;51.0533;13.7830
01257;51.0114;13.8054
01259;51.0500;13.7500
01264;51.0355;13.7404
01277;51.0427;13.8009
01279;51.0500;13.8102
01303;51.0536;13.7608
01304;51.0517;13.7770
01305;51.0540;13.7588
01307;51.0500;13.7500
01309;51.0519;13.8067
01324;51.0500;13.7500
01326;51.0538;13.8155
01328;51.0500;13.7500
01332;51.1780;13.8417
01333;51.1802;13.8384
01445;51.1065;13.6605
01454;51.1617;13.9120
01458;51.1833;13.8333
01465;51.1333;13.8500
01468;51.1592;13.6802
01471;51.2152;13.7281
01477;51.0942;13.9918
01558;51.2895;13.5335
01561;51.3000;13.6558
01585;51.3068;13.2854
01587;51.2991;13.2848
01589;51.3026;13.3097
01591;51.3000;13.3000
01594;51.2583;13.4000
01609;51.3963;13.4010
01612;51.2999;13.3856
01616;51.3525;13.2266
01619;51.3875;13.4583
01623;51.1524;13.3109
01640;51.1320;13.5831
01662;51.1649;13.4859
01665;51.0952;13.4250
01683;51.0926;13.3833
01689;51.1667;13.5707
01705;51.0017;13.6488
01723;51.0520;13.5366
01728;50.9929;13.7171
01730;50.9462;13.7706
01731;50.9453;13.7551
01734;50.9648;13.6431
01737;50.9791;13.5236
01738;50.9333;13.5667
01744;50.8962;13.6691
01762;50.8364;13.6762
01768;50.8520;13.7798
01773;50.7656;13.7533
01774;50.9252;13.5891
01776;50.7500;13.6333
01778;50.7574;13.7928
01793;50.9544;13.9414
01796;50.9333;13.9370
01809;50.9562;13.8584
01814;50.9299;14.1549
01816;50.8583;13.9500
01819;50.8875;13.9000
01824;50.9167;14.0876
01825;50.8642;13.8569
01829;50.9582;14.0309
01833;51.0490;14.0794
01844;51.0444;14.2250
01847;50.9883;14.0027
01848;50.9799;14.1141
01855;50.9754;14.2758
01877;51.1304;14.2333
01896;51.1832;14.0142
01900;51.1500;14.0833
01904;51.0973;14.3454
01906;51.1758;14.1733
01909;51.1313;14.1089
01917;51.2680;14.0937
01920;51.2623;14.1657
01936;51.2645;13.9833
01945;51.4167;13.8937
01968;51.5299;13.9508
01979;51.4881;13.7662
01983;51.6214;14.1309
01987;51.4767;13.8556
01990;51.3790;13.7598
01993;51.5456;13.9121
01994;51.5623;13.8955
01996;51.4547;14.0251
01998;51.5456;13.9121
02619;51.1551;14.4329
02620;51.1757;14.4294
02621;51.1823;14.4278
02625;51.1825;14.4292
02627;51.1964;14.5706
02633;51.1780;14.3573
02643;51.1904;14.4587
02681;51.0932;14.4284
02689;51.0471;14.4298
02692;51.1329;14.4500
02694;51.2542;14.5216
02699;51.2706;14.3280
02708;51.0694;14.6583
02727;50.9773;14.6088
02730;51.0167;14.5833
02733;51.1000;14.5167
02736;51.0740;14.5383
02739;50.9827;14.6621
02742;51.0395;14.5625
02747;51.0278;14.7569
02748;51.0500;14.8500
02763;50.8977;14.7667
02779;50.9101;14.7039
02782;50.9349;14.6019
02785;50.8730;14.7704
02788;50.9500;14.8833
02791;50.9583;14.7083
02794;50.9500;14.6500
02796;50.8500;14.7000
02797;50.8500;14.7500
02799;50.8703;14.6503
02826;51.1503;14.9829
02827;51.1490;14.9534
02828;51.1687;14.9693
02829;51.1833;14.8833
02894;51.1500;14.7837
02899;51.0667;14.9306
02906;51.2924;14.7000
02923;51.3000;14.8934
02929;51.3635;14.9461
02943;51.5040;14.6402
02953;51.5505;14.7124
02956;51.4000;14.7833
02957;51.5215;14.7152
02959;51.5333;14.5667
02977;51.4379;14.2355
02979;51.5167;14.3667
02991;51.4542;14.1049
02994;51.3861;14.0689
02997;51.3850;14.2440
02999;51.3667;14.4000
03039;51.7591;14.3280
03042;51.7612;14.3544
03044;51.7754;14.3374
03046;51.7560;14.3197
03048;51.7403;14.3198
03050;51.7324;14.3347
03051;51.7667;14.3333
03052;51.7667;14.3333
03053;51.7667;14.3333
03054;51.7667;14.3333
03055;51.7667;14.3333
03058;51.7007;14.4209
03065;51.7670;14.3801
03075;51.9873;7.6339
03096;51.8250;14.2333
03099;51.7500;14.2500
03103;51.6214;14.1651
03116;51.6541;14.2232
03119;51.5838;14.1708
03130;51.5833;14.4750
03139;51.5667;14.3667
03149;51.7000;14.5980
03159;51.6433;14.5981
03172;51.9383;14.6238
03185;51.8667;14.4444
03197;51.8966;14.5103
03202;53.2435;14.2573
03205;51.7274;13.9558
03222;51.8532;13.9161
03226;51.7994;14.0441
03229;51.6833;14.0333
03238;51.6083;13.6833
03246;51.7333;13.7667
03249;51.7112;13.6486
03253;51.6580;13.5211
04022;51.0466;13.7492
04024;51.3987;12.1980
04056;51.3514;12.4041
04063;51.0732;13.7602
04064;51.0732;13.7602
04079;51.3441;12.3944
04080;51.3314;12.3866
04081;51.3381;12.3791
04082;51.3987;12.1980
04083;51.3364;12.3747
04084;51.3342;12.3956
04086;51.3748;12.3232
04087;51.3413;12.3579
04088;51.3321;12.3746
04089;51.3987;12.1980
04091;51.3433;12.3693
04092;51.3350;12.3714
04095;51.3386;12.3848
04097;51.3407;12.3856
04103;51.3405;12.3827
04105;51.3489;12.3688
04107;51.3667;12.3833
04109;51.3420;12.3750
04129;51.3674;12.3909
04150;51.3782;12.3119
04151;51.3748;12.3232
04155;51.3667;12.3833
04157;51.3775;12.3599
04158;51.4035;12.3418
04159;51.3717;12.3321
04160;51.3402;6.6526
04177;51.3425;12.3230
04178;51.3566;12.2643
04179;51.3290;12.3115
04205;51.3209;12.2793
04207;51.3120;12.3077
04209;51.3148;12.2912
04227;51.3297;12.3459
04229;51.3254;12.3341
04249;51.3667;12.3833
04275;51.3667;12.3833
04277;51.3667;12.3833
04279;51.3667;12.3833
04288;51.3667;12.3833
04289;51.3667;12.3833
04299;51.3667;12.3833
04310;51.3301;12.4406
04311;51.3301;12.4406
04312;51.3301;12.4406
04315;51.3667;12.3833
04316;51.3667;12.3833
04317;51.3329;12.4047
04318;51.3332;12.4195
04319;51.3667;12.3833
04328;51.3480;12.4313
04329;51.3667;12.3833
04347;51.3637;12.4312
04349;51.3667;12.3833
04350;51.4092;12.4474
04356;51.3667;12.3833
04357;51.3667;12.3833
04360;51.3156;12.3832
04365;51.4012;12.4038
04370;51.4133;12.2918
04416;51.2755;12.3691
04420;51.3069;12.2202
04425;51.3833;12.4833
04435;51.3968;12.2214
04442;51.2187;12.3301
04451;51.3500;12.5333
04460;51.2217;12.2235
04463;51.2667;12.5000
04509;51.5124;12.3475
04519;51.4333;12.3833
04523;51.1671;12.2514
04539;51.1554;12.2828
04550;51.1189;12.4899
04552;51.1242;12.4964
04564;51.2006;12.3862
04565;51.0888;12.4384
04567;51.1644;12.5526
04571;51.1978;12.4145
04574;51.1181;12.4254
04575;51.1499;12.4109
04579;51.1893;12.4789
04600;50.9876;12.4368
04603;50.9762;12.4691
04610;51.0565;12.3545
04613;51.0973;12.3334
04617;51.0173;12.3635
04618;50.9333;12.5886
04626;50.8968;12.3000
04639;50.8890;12.4329
04643;51.0553;12.6967
04651;51.1450;12.6445
04654;51.0572;12.5575
04655;51.0188;12.6042
04657;51.0167;12.7167
04668;51.2042;12.7196
04680;51.1333;12.8167
04683;51.2777;12.5883
04685;51.2709;12.7891
04687;51.2833;12.7500
04688;51.2616;12.8913
04703;51.1574;12.9389
04720;51.1333;13.1135
04736;51.0728;13.0200
04741;51.0824;13.1831
04746;51.0986;12.9739
04749;51.2000;13.1667
04756;51.2987;13.1193
04758;51.3333;13.1333
04769;51.2362;13.0457
04774;51.3649;12.9988
04779;51.2833;12.9500
04808;51.3989;12.8051
04821;51.3360;12.6102
04824;51.3231;12.5622
04827;51.3667;12.6333
04828;51.3607;12.7138
04838;51.5000;12.6334
04849;51.6171;12.6820
04855;51.5590;13.0077
04860;51.5611;12.9962
04862;51.5000;12.8000
04874;51.4826;13.1238
04880;51.6167;12.8794
04886;51.5667;13.0667
04889;51.4572;12.9302
04895;51.5875;13.2364
04910;51.4793;13.5200
04916;51.7833;13.2500
04924;51.5183;13.3946
04928;51.4678;13.6167
04931;51.4333;13.2167
04932;51.4094;13.5501
04934;51.5000;13.5500
04936;51.7268;13.4186
04938;51.5167;13.3333
06073;51.4972;11.9667
06075;51.4788;11.9878
06076;51.4821;11.9832
06077;51.4783;11.9796
06089;51.5078;11.9644
06090;51.5078;11.9644
06091;51.4853;12.0027
06092;51.4962;11.9825
06094;51.4865;11.9613
06095;51.4690;11.9852
06097;51.5003;11.9335
06098;51.4899;11.9696
06099;51.4847;11.9655
06100;51.4825;11.9715
06103;51.4807;11.9657
06104;51.4360;11.9976
06105;51.4812;11.9252
06106;51.4928;11.9343
06108;51.4830;11.9720
06110;51.4701;11.9675
06112;51.4753;11.9973
06114;51.5034;11.9622
06116;51.4862;12.0283
06118;51.5175;11.9710
06120;51.5124;11.9055
06122;51.4804;11.9215
06124;51.4796;11.9370
06126;51.5000;12.0000
06128;51.4507;11.9493
06130;51.4410;11.9856
06132;51.4348;11.9815
06144;51.4695;11.9908
06145;51.5254;12.1040
06146;51.4695;11.9833
06147;51.4695;11.9908
06179;51.4603;11.8000
06184;51.4000;12.0667
06188;51.5275;12.1014
06193;51.5965;11.9533
06198;51.5683;11.8265
06217;51.3391;11.9500
06231;51.2954;12.0973
06237;51.3178;12.0229
06242;51.2907;11.8950
06246;51.3759;11.8990
06249;51.3000;11.8000
06252;51.3473;12.1690
06254;51.3598;12.1392
06255;51.3813;11.7967
06258;51.4000;11.9833
06259;51.3114;11.9293
06268;51.3440;11.6373
06279;51.4375;11.6682
06291;51.5191;11.5506
06295;51.5243;11.5882
06308;51.5833;11.5000
06311;51.5500;11.5000
06313;51.5333;11.4833
06317;51.4755;11.6823
06318;51.4667;11.7500
06333;51.6785;11.4457
06343;51.5923;11.4105
06347;51.6212;11.6843
06348;51.6153;11.4898
06359;51.7321;11.9776
06366;51.7519;11.9709
06369;51.7167;11.9920
06385;51.8527;12.0446
06386;51.7724;12.0952
06388;51.6823;11.9371
06400;51.7953;11.7447
06406;51.7946;11.7401
06408;51.7647;11.8000
06420;51.6667;11.8080
06425;51.7127;11.6833
06429;51.8420;11.7780
06449;51.7667;11.4500
06456;51.7169;11.5465
06458;51.8594;11.2723
06463;51.7391;11.3507
06464;51.7958;11.3791
06466;51.8221;11.2866
06467;51.7829;11.3124
06469;51.8008;11.3349
06484;51.8257;11.1904
06493;51.6157;11.1433
06502;51.7653;11.0853
06507;51.6903;11.0495
06526;51.5730;11.2953
06528;51.4950;11.2833
06536;51.4981;11.0758
06537;51.4353;11.1407
06542;51.4255;11.3983
06543;51.6253;11.2949
06547;51.5667;10.9500
06553;51.3665;11.2944
06556;51.3643;11.2917
06567;51.3561;11.1790
06571;51.2989;11.3728
06577;51.2753;11.2182
06578;51.2833;11.1333
06618;51.1121;11.8568
06628;51.1252;11.7044
06632;51.2514;11.7680
06636;51.2242;11.6799
06638;51.2713;11.6577
06642;51.2660;11.5459
06647;51.2080;11.5517
06648;51.1351;11.5186
06667;51.2015;11.9407
06679;51.1916;12.0804
06682;51.1209;12.0421
06686;51.2266;12.1154
06688;51.2600;12.0301
06712;51.0318;12.1369
06721;51.0766;11.9339
06722;51.0425;12.0167
06724;51.0267;12.2371
06725;51.1259;12.2166
06727;51.0907;12.1243
06729;51.0612;12.2145
06731;51.6229;12.2677
06749;51.6481;12.3655
06766;51.6612;12.2687
06773;51.7644;12.5372
06774;51.6375;12.4871
06779;51.7185;12.2489
06780;51.6200;12.1328
06785;51.8043;12.4290
06786;51.8331;12.4660
06791;51.7313;12.4000
06792;51.6333;12.2667
06794;51.6167;12.2333
06796;51.5579;12.2128
06800;51.6915;12.3213
06803;51.6468;12.3007
06804;51.6838;12.4009
06808;51.5982;12.3084
06809;51.5753;12.2892
06838;51.8410;12.2316
06839;51.8410;12.2316
06842;51.8231;12.2598
06844;51.8441;12.2475
06846;51.8333;12.2500
06847;51.8221;12.1917
06849;51.8083;12.2410
06861;51.8333;12.2500
06862;51.8961;12.2006
06868;51.9806;12.3502
06869;51.9259;12.4866
06886;51.8744;12.6060
06888;51.8593;12.7253
06889;51.8744;12.6060
06895;51.9460;12.7854
06896;51.9303;12.5977
06901;51.7833;12.7096
06905;51.6852;12.7348
06909;51.7167;12.8000
06917;51.8088;12.9605
06918;51.8831;12.8936
06922;51.6970;12.9367
06925;51.7330;13.0228
06926;51.8064;13.1243
06928;51.8500;13.1167
07318;50.6086;11.3163
07330;50.5563;11.3833
07333;50.6500;11.4333
07334;50.6431;11.4774
07336;50.6694;11.4881
07338;50.5919;11.4833
07343;50.4636;11.5378
07349;50.4743;11.4522
07356;50.4923;11.6000
07366;50.4146;11.7162
07368;50.5333;11.7000
07381;50.7000;11.6333
07387;50.6774;11.5385
07389;50.6503;11.6500
07407;50.7644;11.3558
07422;50.6819;11.2737
07426;50.6547;11.1333
07427;50.6430;11.1919
07429;50.6167;11.2167
07497;50.8729;12.0826
07499;50.9073;12.0735
07541;50.8704;12.0838
07543;50.8760;12.0841
07545;50.8782;12.0824
07546;50.8901;12.1019
07548;50.8667;12.0833
07549;50.8408;12.0756
07551;50.8412;12.1072
07552;50.8667;12.0833
07554;50.9236;12.1667
07557;50.8000;12.0333
07570;50.7604;12.0051
07580;50.8219;12.2167
07584;50.9304;12.0145
07586;50.9303;12.0000
07589;50.7972;11.9323
07607;51.0000;11.9021
07613;50.9608;11.9757
07616;50.9500;11.7564
07619;51.0417;11.8214
07629;50.8833;11.8945
07639;50.9239;11.8795
07646;50.8333;11.7543
07737;50.9298;11.5895
07738;50.9275;11.5830
07739;50.9281;11.5807
07740;50.9218;11.5851
07743;50.9326;11.5868
07745;50.8933;11.5847
07747;50.8899;11.6086
07749;50.9430;11.6034
07751;50.8833;11.6414
07768;50.8000;11.5667
07774;51.0333;11.7333
07778;51.0000;11.6500
07806;50.7288;11.7462
07819;50.7333;11.8332
07907;50.6333;11.8167
07919;50.6049;11.9283
07922;50.4946;11.8572
07924;50.6075;11.6948
07926;50.4405;11.8593
07927;50.4054;11.8183
07929;50.4917;11.7000
07937;50.6528;11.9607
07950;50.7158;12.0000
07952;50.5917;12.0917
07955;50.7357;11.9136
07957;50.7075;12.0941
07958;50.7113;12.0543
07973;50.6578;12.1992
07980;50.7167;12.1333
07985;50.6084;12.1679
07987;50.6697;12.2652
07989;50.7209;12.2469
08037;50.7204;12.4840
08048;50.7965;12.4843
08056;50.7114;12.4928
08058;50.7439;12.4781
08060;50.7188;12.4601
08062;50.6915;12.4734
08064;50.6752;12.4709
08066;50.7319;12.5251
08080;50.6906;12.5644
08081;50.6685;12.3636
08107;50.6219;12.5245
08112;50.6750;12.5148
08115;50.6925;12.4259
08118;50.6707;12.6731
08132;50.7500;12.5742
08134;50.6503;12.6089
08141;50.6978;12.5555
08144;50.6333;12.4667
08147;50.5667;12.5083
08209;50.4924;12.4171
08223;50.4667;12.3619
08228;50.5308;12.4133
08233;50.5425;12.3034
08236;50.4837;12.3888
08237;50.5389;12.4778
08239;50.4710;12.2745
08248;50.3667;12.4667
08258;50.3114;12.3295
08261;50.3833;12.3167
08262;50.4463;12.5131
08265;50.3167;12.3667
08267;50.3510;12.4224
08269;50.4350;12.4150
08280;50.5903;12.7066
08289;50.5947;12.6414
08294;50.6218;12.7315
08297;50.6303;12.8100
08301;50.5981;12.6588
08304;50.5046;12.5216
08309;50.4943;12.5998
08312;50.5667;12.7333
08315;50.5762;12.7675
08318;50.5439;12.5711
08321;50.5667;12.6500
08324;50.5421;12.6864
08325;50.5167;12.6000
08326;50.4992;12.6512
08328;50.5333;12.5333
08340;50.5653;12.7905
08344;50.5802;12.8069
08349;50.4726;12.7114
08352;50.5313;12.8331
08355;50.4803;12.7934
08359;50.4667;12.7667
08371;50.8199;12.5449
08373;50.8500;12.5667
08393;50.8469;12.4652
08396;50.8833;12.5992
08412;50.7360;12.3753
08427;50.7000;12.3500
08428;50.7558;12.3267
08432;50.7142;12.3999
08439;50.7625;12.3714
08451;50.8090;12.3461
08459;50.8000;12.3667
08468;50.6228;12.3722
08485;50.5694;12.3641
08491;50.6141;12.2500
08496;50.6601;12.3562
08499;50.6186;12.2654
08520;50.4971;12.1225
08523;50.4942;12.1353
08525;50.5106;12.1300
08527;50.4935;12.1272
08529;50.4921;12.1775
08538;50.4371;12.0112
08539;50.5453;12.0370
08541;50.5000;12.2219
08543;50.5500;12.1833
08547;50.5000;12.1333
08548;50.5430;12.0793
08606;50.4147;12.1695
08626;50.3500;12.2599
08645;50.2819;12.2343
08648;50.2167;12.3167
09028;50.8333;12.9167
09030;50.8333;12.9167
09091;50.8145;12.9113
09092;50.8145;12.9113
09093;50.8126;12.8807
09094;50.8344;12.9264
09095;50.8784;12.9032
09096;50.8102;12.9048
09097;50.8343;12.9234
09099;50.8448;12.9179
09100;50.8145;12.9113
09103;50.8324;12.9197
09105;50.8166;12.9165
09106;50.8326;12.9191
09107;50.8392;12.9273
09108;50.8091;12.8419
09109;50.8058;12.8426
09111;50.8351;12.9222
09112;50.8270;12.9043
09113;50.8507;12.8951
09114;50.8574;12.8977
09116;50.8213;12.8840
09117;50.8179;12.8379
09119;50.8203;12.9056
09120;50.8056;12.9067
09122;50.7945;12.8875
09123;50.7659;12.9460
09125;50.7963;12.9199
09126;50.8197;12.9403
09127;50.8284;12.9586
09128;50.8333;12.9167
09130;50.8376;12.9345
09131;50.8333;12.9167
09212;50.8555;12.7661
09217;50.9133;12.8060
09221;50.7835;12.8700
09224;50.7940;12.7860
09227;50.7705;12.9745
09228;50.8832;12.8703
09231;50.8854;12.8028
09232;50.9000;12.8000
09235;50.7333;12.9167
09236;50.9333;12.8833
09241;50.9000;12.7667
09243;50.9000;12.7167
09244;50.9083;12.9917
09247;50.8621;12.8339
09249;50.9167;12.8500
09306;51.0333;12.8167
09322;50.9334;12.7042
09326;51.0768;12.9072
09328;50.9627;12.7559
09337;50.8006;12.6667
09350;50.7438;12.6453
09353;50.7823;12.7079
09355;50.7500;12.7167
09356;50.7862;12.6240
09366;50.7262;12.7859
09376;50.7170;12.7217
09380;50.7000;12.8500
09385;50.7667;12.7667
09387;50.7500;12.8500
09390;50.7000;12.8833
09392;50.6833;12.9167
09394;50.7404;12.6806
09395;50.6741;12.8819
09399;50.7250;12.7500
09405;50.7667;13.0769
09419;50.6708;12.9509
09423;50.7055;12.9694
09427;50.6493;12.9701
09429;50.6555;13.0713
09430;50.6992;13.0185
09432;50.7000;13.0833
09435;50.7041;13.0565
09437;50.7667;13.1333
09439;50.7500;13.0056
09450;50.5781;13.0049
09453;50.5870;13.0095
09454;50.5874;13.0098
09456;50.5869;13.0726
09465;50.5167;12.9833
09468;50.6263;12.9380
09471;50.5500;13.0500
09474;50.5167;12.9500
09477;50.5123;13.0946
09481;50.5766;12.9122
09484;50.4167;12.9833
09487;50.5588;12.9527
09488;50.6111;13.0138
09496;50.6408;13.2178
09509;50.7241;13.2798
09514;50.7191;13.1929
09517;50.6591;13.2298
09518;50.6333;13.1167
09526;50.6833;13.3500
09544;50.6750;13.4667
09548;50.6500;13.4667
09557;50.8561;13.0741
09569;50.8606;13.2093
09573;50.8119;13.1667
09575;50.8000;13.2333
09577;50.8667;13.0167
09579;50.7732;13.1792
09595;50.9110;13.3417
09596;50.9171;13.3479
09599;50.9109;13.3388
09600;50.8976;13.4167
09603;50.9660;13.2859
09618;50.8123;13.3333
09619;50.7667;13.4217
09623;50.8028;13.5379
09627;50.9099;13.4444
09629;51.0082;13.3654
09633;50.9500;13.3500
09634;51.0311;13.3081
09638;50.8333;13.4167
09648;50.9862;12.9754
09660;50.9699;13.1194
09661;50.9917;13.1229
09669;50.9259;13.0596
10026;52.5172;13.4149
10082;52.5318;13.3838
10083;52.5318;13.3838
10086;52.5105;13.4024
10096;52.5137;13.4227
10098;52.5237;13.3799
10099;52.5176;13.3938
10102;52.5175;13.3916
10103;52.5286;13.3692
10104;52.5106;13.3901
10105;52.5191;13.3884
10106;52.5127;13.3984
10107;52.5121;13.3853
10108;52.5277;13.3886
10109;52.5173;13.3920
10112;52.5090;13.4279
10115;52.5323;13.3846
10117;52.5170;13.3872
10119;52.5305;13.4053
10150;52.5169;13.4147
10169;52.5176;13.4142
10173;52.5258;13.4135
10178;52.5213;13.4096
10179;52.5122;13.4164
10243;52.5123;13.4394
10245;52.5007;13.4647
10247;52.5161;13.4656
10249;52.5238;13.4428
10306;52.5094;13.5255
10313;52.4932;13.5259
10315;52.5132;13.5148
10317;52.4979;13.4908
10318;52.4835;13.5287
10319;52.4992;13.5188
10356;52.5183;13.4882
10358;52.5094;13.5255
10360;52.5094;13.5255
10361;52.5250;13.4888
10362;52.5149;13.4887
10365;52.5206;13.4969
10367;52.5246;13.4821
10369;52.5295;13.4695
10400;52.5405;13.4285
10405;52.5352;13.4257
10407;52.5336;13.4492
10409;52.5443;13.4414
10431;52.5525;13.4523
10435;52.5378;13.4112
10437;52.5449;13.4126
10439;52.5522;13.4121
10546;52.5334;13.2800
10547;52.5234;13.3446
10548;52.5279;13.3258
10551;52.5307;13.3372
10553;52.5305;13.3215
10555;52.5215;13.3355
10557;52.5233;13.3594
10559;52.5301;13.3499
10585;52.5152;13.3057
10587;52.5184;13.3195
10589;52.5276;13.3057
10617;52.5115;13.3216
10623;52.5088;13.3274
10625;52.5095;13.3147
10627;52.5080;13.3030
10629;52.5028;13.3086
10702;52.4903;13.3201
10703;52.5021;13.3210
10704;52.4904;13.3112
10705;52.4974;13.2930
10707;52.4967;13.3138
10709;52.4939;13.3031
10711;52.4981;13.2905
10713;52.4851;13.3133
10715;52.4824;13.3289
10717;52.4908;13.3275
10719;52.4988;13.3257
10768;52.4998;13.3253
10772;52.5055;13.3671
10773;52.5069;13.3460
10774;52.5102;13.3762
10777;52.4975;13.3427
10779;52.4921;13.3395
10781;52.4936;13.3529
10783;52.4964;13.3624
10785;52.5073;13.3643
10787;52.5078;13.3439
10789;52.5017;13.3377
10819;52.4812;13.3380
10820;52.4849;13.3454
10823;52.4873;13.3509
10825;52.4838;13.3413
10827;52.4838;13.3543
10829;52.4761;13.3607
10842;52.4341;13.5360
10850;52.4341;13.5360
10858;52.3173;13.2654
10859;52.5060;13.3924
10860;52.4994;13.3816
10861;52.4892;13.3482
10862;52.5061;13.2951
10863;52.5178;13.3567
10864;52.5155;13.4107
10865;52.5187;13.3915
10867;52.5078;13.3975
10868;52.4915;13.3104
10871;52.4962;13.4548
10872;52.5073;13.3749
10873;52.5218;13.3890
10874;52.5123;13.3899
10875;52.5064;13.3731
10876;52.5045;13.3809
10877;52.5119;13.4331
10878;52.5068;13.4381
10880;52.5334;13.3842
10881;52.4672;13.3726
10882;52.4644;13.3696
10883;52.5133;13.3193
10884;52.5206;13.4928
10885;52.5255;13.3216
10886;52.5199;13.4039
10887;52.5172;13.3871
10888;52.5078;13.3975
10889;52.5208;13.4138
10890;52.5118;13.3888
10891;52.5119;13.4331
10892;52.5784;13.2943
10893;52.4834;13.2930
10896;52.5124;13.3146
10898;52.5094;13.3723
10899;52.5043;13.4506
10901;52.5149;13.3292
10902;52.5045;13.3602
10903;52.5068;13.3790
10904;52.4955;13.4840
10905;52.4672;13.3726
10907;52.5087;13.3523
10908;52.4069;13.0537
10909;52.4069;13.0537
10910;50.7191;7.1170
10912;52.5047;13.3693
10913;52.5047;13.3693
10914;52.5018;13.3360
10916;52.5233;13.3475
10917;52.5084;13.4030
10918;52.5084;13.4030
10919;52.5110;13.3883
10934;52.5008;13.3884
10956;52.5060;13.3924
10958;52.4986;13.3924
10959;52.4994;13.3816
10961;52.4926;13.3975
10963;52.5003;13.3813
10965;52.4855;13.3946
10967;52.4905;13.4164
10969;52.5025;13.4012
10997;52.5009;13.4356
10999;52.4969;13.4266
11010;52.5163;13.3527
11011;52.5179;13.3759
11013;52.5154;13.3985
11014;52.5227;13.3622
11017;52.5124;13.3843
11052;52.5147;13.4054
11053;52.5147;13.4054
11054;52.5147;13.4054
11055;52.5590;13.4410
11056;52.5124;13.3792
11501;52.5055;13.4473
11503;52.4955;13.4840
11504;52.4955;13.4840
11505;52.4672;13.3721
11506;52.5044;13.3460
11507;52.4716;13.3660
11508;52.4672;13.3726
11509;52.5077;13.4041
11510;52.5068;13.4381
11511;52.4765;13.3639
11512;48.7709;9.1789
11513;52.5151;13.3348
11515;52.4341;13.5360
11516;52.5025;13.4070
12028;52.4790;13.4279
12032;52.5153;13.4125
12037;52.4739;13.4575
12038;52.4820;13.4339
12039;52.4698;13.4648
12040;52.4813;13.4350
12043;52.4799;13.4371
12045;52.4855;13.4392
12047;52.4905;13.4285
12049;52.4764;13.4220
12051;52.4669;13.4298
12053;52.4768;13.4325
12055;52.4712;13.4486
12057;52.4684;13.4633
12059;52.4809;13.4513
12095;52.4007;13.3819
12096;52.4556;13.3869
12099;52.4644;13.4023
12101;52.4785;13.3791
12103;52.4641;13.3747
12105;52.4492;13.3714
12107;52.4312;13.3917
12109;52.4465;13.3993
12154;52.4620;13.3252
12157;52.4653;13.3462
12159;52.4737;13.3369
12161;52.4704;13.3270
12163;52.4626;13.3185
12165;52.4557;13.3148
12167;52.4486;13.3338
12169;52.4548;13.3435
12200;52.4316;13.3067
12203;52.4444;13.3096
12205;52.4340;13.2945
12207;52.4199;13.3133
12209;52.4179;13.3291
12247;52.4395;13.3462
12249;52.4264;13.3518
12274;52.4125;13.3832
12277;52.4134;13.3750
12279;52.4106;13.3531
12305;52.4033;13.4021
12307;52.3886;13.3907
12309;52.3905;13.4171
12345;52.4520;13.4430
12347;52.4509;13.4281
12349;52.4253;13.4221
12351;52.4328;13.4555
12353;52.4227;13.4589
12355;52.4110;13.4978
12357;52.4293;13.4905
12359;52.4473;13.4531
12435;52.4866;13.4672
12437;52.4624;13.4817
12439;52.4528;13.5286
12459;52.4656;13.5280
12485;52.4336;13.5569
12487;52.4437;13.5052
12489;52.4356;13.5432
12521;52.3898;13.5180
12524;52.4128;13.5417
12526;52.3976;13.5642
12527;52.3856;13.6339
12529;52.5167;13.5037
12552;52.4454;13.5936
12555;52.4627;13.5791
12557;52.4303;13.5920
12559;52.4149;13.6634
12587;52.4586;13.6362
12589;52.4438;13.7034
12616;52.5144;13.6065
12619;52.5235;13.5883
12621;52.5027;13.5878
12623;52.5026;13.6165
12627;52.5372;13.6135
12629;52.5413;13.5901
12670;52.5533;13.5429
12671;52.5275;13.5400
12677;52.5551;13.5505
12678;49.9966;8.6564
12679;52.5501;13.5660
12681;52.5369;13.5367
12683;52.5075;13.5591
12685;52.5391;13.5650
12687;52.5564;13.5645
12689;52.5665;13.5675
12712;52.3860;13.4895
13047;52.5451;13.5000
13048;52.5517;13.5167
13051;52.5815;13.4908
13053;52.5500;13.5046
13055;52.5401;13.4960
13057;52.5711;13.5415
13059;52.5809;13.5217
13086;52.5565;13.4482
13088;52.5603;13.4708
13089;52.5707;13.4410
13122;52.6314;13.5112
13125;52.6329;13.4829
13127;52.6200;13.4380
13129;52.5921;13.4579
13156;52.5824;13.3997
13158;52.5932;13.3835
13159;52.6230;13.3978
13187;52.5695;13.4084
13189;52.5643;13.4219
13340;52.5577;13.3724
13341;52.5270;13.3385
13342;52.5418;13.3667
13343;52.5497;13.3752
13344;52.5423;13.3533
13347;52.5491;13.3655
13349;52.5580;13.3473
13351;52.5507;13.3328
13353;52.5416;13.3495
13355;52.5416;13.3904
13357;52.5502;13.3828
13359;52.5599;13.3851
13400;52.5872;13.3249
13403;52.5739;13.3224
13405;52.5596;13.2967
13407;52.5727;13.3512
13409;52.5679;13.3714
13435;52.6020;13.3456
13437;52.5905;13.3284
13439;52.5976;13.3584
13465;52.6399;13.2896
13467;52.6171;13.3075
13469;52.6119;13.3422
13496;52.5784;13.2943
13497;52.5784;13.2943
13498;52.5319;13.3899
13499;52.5761;13.2953
13500;52.5831;13.2850
13503;52.6122;13.2488
13505;52.5839;13.2404
13507;52.5765;13.2717
13509;52.5892;13.3006
13565;52.5641;13.2202
13578;52.5338;13.2014
13581;52.5310;13.1794
13583;52.5437;13.1824
13585;52.5477;13.2049
13587;52.5767;13.1854
13589;52.5570;13.1676
13591;52.5345;13.1405
13593;52.5148;13.1672
13595;52.5116;13.1962
13597;52.5272;13.2195
13599;52.5463;13.2350
13619;52.5391;13.2182
13622;52.5355;13.2745
13623;52.5375;13.2622
13624;52.5375;13.2623
13625;52.5455;13.3199
13627;52.5398;13.2991
13629;52.5422;13.2661
13660;52.6203;13.2079
14045;52.5162;13.2804
14046;52.5072;13.2780
14047;52.5132;13.2822
14050;52.5208;13.2683
14052;52.5156;13.2569
14053;52.5159;13.2387
14055;52.5020;13.2447
14057;52.5073;13.2879
14059;52.5205;13.2878
14089;52.4708;13.1516
14107;52.4112;13.1298
14109;52.4197;13.1440
14129;52.4463;13.2026
14131;52.5170;13.4000
14160;52.4336;13.2739
14163;52.4368;13.2385
14165;52.4175;13.2536
14167;52.4212;13.2765
14169;52.4496;13.2573
14191;52.4593;13.3043
14193;52.4831;13.2365
14195;52.4589;13.2829
14197;52.4734;13.3118
14199;52.4777;13.2951
14322;52.4008;13.2515
14328;52.4742;13.3021
14329;52.4001;13.2468
14424;52.4154;12.9687
14425;52.3923;13.0827
14456;52.4008;13.2515
14457;52.5072;13.3785
14458;52.3748;13.0137
14459;52.3624;13.0948
14461;52.4063;13.0667
14462;52.3805;13.0866
14463;52.3748;13.0137
14464;52.3771;13.3063
14465;52.3882;13.0784
14467;52.4030;13.0626
14469;52.4091;12.9899
14471;52.3744;13.0102
14473;52.3908;13.0645
14476;52.4675;12.9899
14478;52.3725;13.0914
14480;52.3689;13.1273
14482;52.3871;13.0993
14510;52.4013;13.2436
14513;52.4031;13.2601
14532;52.3336;13.1647
14542;52.3389;12.9188
14547;52.2450;13.0792
14548;52.3389;12.9722
14550;52.4166;12.8034
14552;52.2830;13.0754
14554;52.2722;13.0167
14557;52.3318;13.0667
14558;52.3472;13.1053
14612;52.5601;13.0927
14621;52.6192;13.1265
14624;52.5427;13.0584
14627;52.5425;12.9879
14641;52.6248;12.8542
14655;52.6038;12.9745
14656;52.5833;13.0000
14662;52.7284;12.6256
14669;52.4837;12.8453
14710;52.6048;12.3491
14712;52.6066;12.3370
14715;52.5833;12.4500
14727;52.5318;12.3682
14728;52.7450;12.4000
14765;52.4118;12.5408
14767;52.4114;12.5443
14770;52.4189;12.5228
14772;52.4358;12.5297
14774;52.3864;12.4144
14776;52.4043;12.5680
14778;52.3904;12.6451
14789;52.3667;12.3583
14793;52.2333;12.3523
14797;52.3271;12.6625
14798;52.4929;12.4667
14806;52.1386;12.6272
14822;52.2167;12.7917
14823;52.0531;12.6313
14827;52.1146;12.4553
14828;52.1718;12.3751
14913;51.9333;13.2950
14929;52.0975;12.8726
14943;52.1564;13.1677
14947;52.1116;13.2152
14959;52.2168;13.2250
14974;52.3032;13.2540
14979;52.3586;13.3099
14980;52.3771;13.3063
15220;52.3298;14.5328
15224;52.2914;14.4697
15227;52.5590;13.4410
15228;52.3112;14.4859
15229;52.3386;14.5473
15230;52.3475;14.5539
15232;52.3241;14.5325
15234;52.3646;14.5244
15236;52.3500;14.4000
15295;52.2333;14.5911
15299;52.1500;14.4083
15306;52.5063;14.3556
15320;52.6594;14.2402
15324;52.7005;14.3562
15326;52.4272;14.4735
15328;52.5682;14.5357
15344;52.5786;13.8874
15345;52.5650;13.9667
15366;52.5467;13.6833
15370;52.5250;13.8000
15372;52.5000;14.1333
15374;52.5114;14.1359
15377;52.6028;14.0743
15378;52.5077;13.8521
15515;52.3724;14.0618
15517;52.3833;14.0500
15518;52.4000;14.1667
15526;52.2833;14.0667
15528;52.3667;13.8889
15537;52.4167;13.8167
15559;52.4859;13.8247
15562;52.4707;13.7736
15566;52.4598;13.7054
15569;52.4460;13.7560
15711;52.2788;13.6330
15712;52.2973;13.6997
15713;52.3691;13.7030
15732;52.3623;13.5984
15738;52.3480;13.6217
15741;52.2398;13.6589
15745;52.3167;13.6333
15746;52.1659;13.6594
15748;52.1473;13.8343
15749;52.3024;13.5445
15752;52.2240;13.8052
15754;52.2673;13.7693
15755;52.1500;13.6196
15757;52.0746;13.7000
15806;52.2224;13.4167
15827;52.3372;13.4401
15831;52.3602;13.4634
15834;52.2913;13.4195
15837;52.0500;13.5000
15838;52.1546;13.4064
15848;52.1500;14.2167
15859;52.2333;13.8964
15864;52.2321;14.0833
15868;52.0179;14.3610
15887;52.1650;14.6060
15888;52.1620;14.6276
15890;52.1500;14.5333
15898;52.0667;14.6415
15907;51.9455;13.8852
15910;52.0595;13.9488
15913;51.9750;14.0881
15926;51.8215;13.6939
15936;51.9411;13.4934
15938;51.9495;13.5833
16222;52.8360;13.8078
16225;52.8342;13.8218
16227;52.8333;13.8333
16230;52.7761;13.8112
16244;52.9148;13.7578
16247;52.9752;13.8072
16248;52.8743;14.0451
16259;52.7667;14.0304
16269;52.7000;14.1584
16278;53.0532;13.9992
16303;53.0660;14.2711
16306;53.1842;14.2092
16307;53.2716;14.3791
16321;52.6821;13.5965
16341;52.6509;13.5441
16348;52.8235;13.5279
16352;52.6779;13.4400
16356;52.6328;13.6849
16359;52.7662;13.6442
16515;52.7947;13.3257
16540;52.6763;13.2778
16547;52.6833;13.2833
16548;52.6351;13.3075
16552;52.6363;13.3760
16556;52.7129;13.2767
16559;52.8797;13.4395
16562;52.6729;13.3186
16565;52.7405;13.2627
16567;52.6647;13.3769
16727;52.6915;13.3167
16759;52.6328;13.2105
16761;52.6360;13.2042
16766;52.7622;13.3167
16767;52.7499;13.1930
16775;53.0358;13.2523
16792;52.9830;13.3800
16798;53.1864;13.1708
16814;52.8895;12.8098
16816;52.9282;12.8031
16818;52.9292;12.7333
16827;52.9483;12.8480
16831;53.0997;12.8989
16833;52.7833;12.7813
16835;52.9395;12.9965
16837;53.1500;12.7667
16845;52.8567;12.4492
16866;52.9833;12.2500
16868;52.8833;12.4667
16909;53.1500;12.4667
16918;53.2833;12.3500
16921;53.1500;12.2667
16928;53.1185;12.1849
16945;53.3133;12.2425
16949;53.2490;12.1000
17030;53.5193;13.2584
17033;53.5476;13.2555
17034;53.5761;13.2797
17036;53.5537;13.2969
17039;53.6071;13.3366
17049;53.5752;13.2134
17050;53.5686;13.2678
17087;53.6942;13.2650
17089;53.7737;13.3347
17091;53.6801;13.1053
17094;53.4786;13.3577
17098;53.6703;13.5540
17099;53.6272;13.4976
17109;53.9076;13.0314
17111;53.8580;13.0211
17121;53.9909;13.1875
17126;53.9239;13.3403
17129;53.8778;13.2732
17139;53.7050;12.7654
17153;53.6612;12.9053
17154;53.8227;12.7901
17159;53.9016;12.8501
17166;53.7513;12.5749
17168;53.8736;12.5828
17179;53.9687;12.7110
17192;53.5464;12.7833
17194;53.6151;12.5733
17207;53.3862;12.5908
17209;53.3455;12.4746
17213;53.4466;12.4249
17214;53.5195;12.4242
17217;53.5200;13.0841
17219;53.5261;12.9910
17235;53.3613;13.0729
17237;53.3913;13.2000
17240;52.5055;13.4473
17248;53.3355;12.7466
17252;53.2751;12.8355
17255;53.2280;12.9697
17258;53.3391;13.4188
17259;53.3391;13.4188
17268;53.1262;13.5617
17279;53.2124;13.3148
17291;53.3162;13.9500
17305;53.5081;14.0221
17306;53.5081;14.0221
17308;53.5081;14.0221
17309;53.4996;13.9900
17321;53.4639;14.2472
17322;53.4743;14.2900
17326;53.3997;14.1253
17328;53.3151;14.2362
17329;53.3440;14.3500
17335;53.5103;13.7451
17337;53.5529;13.8323
17348;53.4808;13.5836
17349;53.5357;13.5719
17358;53.6341;14.0135
17367;53.6797;14.0799
17373;53.7379;14.0447
17375;53.7333;14.1603
17379;53.6612;13.8357
17389;53.8564;13.6897
17390;53.9249;13.6754
17391;53.8390;13.4489
17392;53.7691;13.5943
17398;53.7694;13.7559
17406;53.9250;13.9706
17419;53.8906;14.1692
17424;53.9500;14.1667
17429;53.9406;14.0669
17438;54.0528;13.7720
17440;54.0115;13.7854
17449;54.1111;13.8323
17454;54.0667;13.9000
17459;54.0519;14.0075
17474;54.0735;13.3843
17475;54.0931;13.3994
17489;54.0881;13.3876
17491;54.0830;13.4058
17493;54.0902;13.4464
17495;54.0087;13.5940
17498;54.0537;13.3568
17506;53.9484;13.4090
17509;54.0987;13.6102
18048;54.0870;12.0851
18050;54.0886;12.1408
18051;54.0867;12.1357
18052;54.0913;12.1155
18053;54.0917;12.1134
18055;54.0865;12.1544
18057;54.0872;12.1062
18059;54.0352;12.1186
18060;54.0790;12.2200
18069;54.1084;12.0687
18101;54.0790;12.2200
18106;54.0833;12.1333
18107;54.1583;12.0325
18109;54.1471;12.0689
18119;54.0833;12.1333
18146;54.1282;12.1761
18147;54.1243;12.1243
18181;54.2512;12.2514
18182;54.1767;12.2887
18184;54.1136;12.3026
18190;54.0776;12.3756
18195;54.0362;12.5109
18196;54.0148;12.2193
18198;54.0524;12.0531
18209;54.1047;11.8506
18211;54.1418;11.9531
18225;54.1500;11.7500
18230;54.1000;11.7013
18231;54.0319;11.6725
18233;54.0133;11.7045
18236;54.0417;11.7970
18239;54.0094;11.9350
18246;53.8483;11.9449
18249;53.7874;11.9262
18258;53.9405;12.1025
18271;53.7943;12.1776
18273;53.7972;12.1734
18276;53.7686;12.1384
18279;53.7759;12.4070
18292;53.6823;12.3324
18299;53.9112;12.3382
18311;54.2422;12.4567
18314;54.3041;12.6833
18317;54.3105;12.4994
18320;54.2500;12.6231
18334;54.1108;12.6742
18337;54.1544;12.5726
18347;54.3474;12.3984
18356;54.3635;12.6744
18374;54.4357;12.6888
18375;54.4267;12.5811
18431;54.3380;13.0674
18432;54.3080;13.0688
18435;54.3272;13.0642
18437;54.3041;13.0460
18439;54.3024;13.0928
18442;54.2957;12.9316
18445;54.3690;13.0133
18461;54.1967;12.8821
18465;54.1404;12.7568
18469;54.3019;12.8107
18507;54.1122;13.0405
18510;54.2000;13.0788
18513;54.0648;12.9246
18516;54.0762;13.1333
18519;54.1995;13.2215
18528;54.4497;13.4480
18546;54.5127;13.6200
18551;54.5691;13.5539
18556;54.6312;13.3433
18565;54.5490;13.1036
18569;54.5141;13.2574
18573;54.3557;13.2931
18574;54.3026;13.3501
18581;54.3551;13.4763
18586;54.3333;13.7000
18609;54.3833;13.6167
19020;53.6592;11.3602
19048;53.6310;11.4165
19049;53.6512;11.4067
19050;53.6062;11.4254
19051;53.6312;11.4097
19053;53.6313;11.4092
19055;53.6441;11.4103
19057;53.6382;11.3766
19059;53.6410;11.3905
19061;53.5992;11.4040
19063;53.6007;11.4433
19065;53.6188;11.5458
19067;53.6972;11.5271
19069;53.7113;11.3721
19071;53.7055;11.2746
19073;53.5774;11.3036
19075;53.5413;11.3537
19077;53.4888;11.4372
19079;53.5250;11.5231
19085;53.5547;11.5029
19086;53.5515;11.5093
19089;53.5732;11.6964
19101;53.5675;11.3752
19205;53.6929;11.1168
19209;53.6229;11.1758
19217;53.7647;10.9865
19230;53.4110;11.2332
19243;53.5339;11.0626
19246;53.5490;10.9534
19249;53.3166;11.0874
19258;53.4066;10.7993
19260;53.4138;10.9347
19273;53.3615;10.9517
19288;53.3296;11.4050
19294;53.2200;11.3756
19300;53.2725;11.6753
19303;53.1734;11.2021
19306;53.3785;11.6656
19309;53.0895;11.4833
19322;53.0054;11.8000
19334;52.9604;11.9510
19336;52.9962;12.0278
19339;52.9142;12.1385
19348;53.1141;11.9278
19357;53.1843;11.6788
19367;53.4285;11.8308
19370;53.4263;11.8488
19372;53.3635;11.8004
19374;53.5150;11.7719
19376;53.3531;11.9380
19386;53.4626;12.0554
19395;53.4582;12.2488
19399;53.5782;12.0747
19406;53.6954;11.9003
19412;53.7372;11.6736
19417;53.7878;11.6422
20038;53.5544;9.9946
20066;53.6012;10.0265
20067;53.5484;10.0028
20068;53.5462;10.0262
20069;53.5519;10.0175
20070;53.5519;10.0175
20071;53.6012;10.0265
20072;53.5455;10.0263
20073;53.5334;9.9793
20074;53.5512;10.0138
20076;53.6012;10.0265
20077;53.5484;10.0028
20079;53.5518;9.9977
20080;53.5425;9.9845
20081;53.5452;10.0214
20083;48.1050;11.6394
20084;53.6012;10.0265
20085;53.5558;10.0167
20086;53.5484;10.0028
20087;53.5966;10.0614
20088;53.6058;10.0786
20090;53.5470;10.0203
20091;53.5494;10.0086
20092;53.5585;10.0222
20095;53.5521;10.0133
20097;53.5481;10.0194
20099;53.5564;10.0107
20139;53.5706;9.9922
20140;53.5770;9.9920
20144;53.5740;9.9808
20146;53.5694;9.9853
20148;53.5694;9.9867
20149;53.5764;9.9867
20242;53.5640;9.9951
20243;53.5846;9.9696
20244;53.5982;9.9830
20245;53.5794;9.9599
20246;53.5902;9.9785
20247;53.5585;9.9092
20249;53.5892;9.9867
20251;53.5892;9.9814
20253;53.5818;9.9719
20255;53.5808;9.9497
20257;53.5725;9.9450
20259;53.5725;9.9534
20346;53.5549;9.9840
20347;53.5574;9.9871
20348;53.5567;9.9769
20350;53.5527;9.9850
20351;53.5613;9.9938
20354;53.5568;9.9853
20355;53.5511;9.9794
20357;53.5642;9.9679
20359;53.5511;9.9700
20444;53.5453;9.9796
20445;53.5486;9.9900
20446;53.5434;9.9838
20449;53.5613;9.9938
20450;53.5422;10.0018
20451;53.5735;10.0147
20452;53.5485;9.9846
20453;53.5457;9.9930
20454;53.5456;10.0036
20457;53.5439;9.9883
20459;53.5502;9.9841
20531;53.5518;10.0513
20533;53.5507;10.0340
20535;53.5598;10.0485
20537;53.5506;10.0511
20539;53.5297;10.0217
20901;53.5826;10.0454
20903;53.5826;10.0454
20911;53.5597;9.9923
20912;53.5826;10.0454
20913;53.5826;10.0454
20914;53.5826;10.0454
20915;53.5826;10.0454
21027;53.4930;10.1948
21029;53.4826;10.2353
21031;53.5057;10.2042
21033;53.5069;10.1983
21035;53.4882;10.1445
21037;53.4683;10.1419
21039;53.4533;10.2514
21071;53.4610;9.9797
21073;53.4581;9.9725
21075;53.4592;9.9350
21077;53.4332;9.9842
21079;53.4592;9.9875
21105;53.5096;9.9831
21107;53.5100;9.9784
21109;53.5007;10.0189
21129;53.5217;9.8994
21147;53.4772;9.8512
21149;53.4703;9.8619
21170;53.4824;9.9037
21172;53.3273;10.2036
21175;53.4810;10.2055
21217;53.4193;10.0211
21218;53.4000;9.9667
21220;53.3661;10.0480
21224;53.4065;9.9256
21227;53.3358;9.9615
21228;53.3500;9.9833
21244;53.3264;9.8681
21255;53.2833;9.7000
21256;53.2456;9.8392
21258;53.3167;9.6667
21259;53.2402;9.7425
21261;53.2398;9.8018
21266;53.3097;9.9526
21271;53.2927;10.0167
21272;53.1930;10.0630
21274;53.1971;9.9757
21279;53.3667;9.7574
21332;53.2498;10.4072
21333;53.2453;10.4072
21335;53.2329;10.4078
21337;53.2558;10.4398
21339;53.2604;10.3968
21354;53.2897;10.7337
21357;53.3333;10.3881
21358;53.2833;10.3167
21360;53.2745;10.3537
21365;53.2819;10.4379
21368;53.1877;10.7500
21369;53.1739;10.8138
21371;53.2098;10.8193
21376;53.2285;10.1500
21379;53.3214;10.5333
21380;53.3718;10.4879
21382;53.3333;10.4500
21385;53.1240;10.2167
21386;53.1375;10.3127
21388;53.1428;10.1481
21391;53.2538;10.3500
21394;53.2333;10.3000
21395;53.3964;10.4108
21397;53.2290;10.5456
21398;53.2652;10.6213
21400;53.2345;10.5732
21401;53.2333;10.6667
21403;53.2167;10.4667
21406;53.1833;10.4000
21407;53.2000;10.4333
21409;53.1761;10.3463
21421;53.3642;10.1914
21423;53.4167;10.2667
21435;53.3842;10.1114
21436;53.4152;10.3752
21438;53.2997;10.0486
21439;53.3121;10.0041
21441;53.2847;10.1614
21442;53.2643;10.1145
21444;53.2667;10.2167
21445;53.3000;10.1500
21447;53.3408;10.3465
21449;53.3167;10.2833
21462;53.5251;10.2407
21465;53.5170;10.2500
21481;53.3833;10.5510
21483;53.4167;10.5500
21493;53.5500;10.5200
21500;53.4348;10.3834
21502;53.4500;10.4167
21509;53.5441;10.2005
21514;53.5124;10.6333
21516;53.5645;10.6117
21521;53.5167;10.3167
21522;53.3667;10.5891
21524;53.4933;10.4252
21526;53.4765;10.3646
21527;53.4667;10.4667
21529;53.4898;10.3170
21614;53.4672;9.6864
21629;53.4227;9.7896
21635;53.5320;9.6808
21640;53.5067;9.6000
21641;53.4333;9.6167
21643;53.4167;9.6167
21644;53.3833;9.6000
21646;53.3553;9.5985
21647;53.4062;9.6988
21649;53.3833;9.6500
21676;53.6016;9.4821
21677;53.6011;9.4821
21680;53.5908;9.4848
21682;53.6084;9.4688
21683;53.6000;9.4833
21684;53.6000;9.5318
21698;53.4540;9.4500
21702;53.4000;9.4500
21706;53.7101;9.3846
21709;53.6141;9.3052
21710;53.6667;9.3333
21712;53.6833;9.2667
21714;53.6167;9.3667
21717;53.5290;9.4438
21720;53.5660;9.6122
21723;53.6000;9.5500
21726;53.5833;9.2500
21727;53.5760;9.2027
21729;53.8333;9.2833
21730;53.8333;9.1333
21732;53.8308;9.2038
21734;53.8027;9.2368
21737;53.7833;9.3167
21739;53.5333;9.5500
21745;53.6870;9.1549
21755;53.6404;9.2394
21756;53.7000;9.2000
21762;53.8091;8.9412
21763;53.7770;8.8936
21765;53.7667;8.8333
21769;53.6000;9.1000
21770;53.6500;9.0333
21772;53.6612;8.9723
21775;53.6956;8.9167
21776;53.7500;8.8000
21781;53.7693;9.0627
21782;53.7461;8.9781
21784;53.8000;9.0833
21785;53.8167;9.0335
21787;53.7500;9.1500
21789;53.7357;9.0805
22032;53.5765;10.0792
22033;48.1915;11.6568
22034;53.5765;10.0792
22035;53.5802;10.1211
22036;53.5894;10.0932
22037;53.5921;10.1072
22039;53.5728;10.0803
22041;53.5794;10.0864
22043;53.5772;10.1209
22045;53.5829;10.1268
22047;53.5883;10.0897
22049;53.5808;10.0625
22078;53.5739;10.0122
22079;53.5669;10.0587
22081;53.5760;10.0436
22083;53.5800;10.0436
22085;53.5771;10.0190
22087;53.5660;10.0264
22089;53.5661;10.0589
22102;53.5469;10.0855
22111;53.5411;10.1033
22113;53.5281;10.1242
22115;53.5281;10.1473
22117;53.5411;10.1280
22119;53.5498;10.1091
22139;53.6606;10.3124
22140;53.6554;10.2916
22143;53.6095;10.1926
22145;53.6081;10.1761
22147;53.6112;10.1606
22149;53.5893;10.1606
22159;53.6122;10.1169
22175;53.6217;10.0886
22177;53.6122;10.0691
22179;53.6122;10.0886
22222;53.5615;9.9116
22276;53.6013;10.0178
22277;53.6044;10.0271
22278;53.6061;10.0164
22279;53.6044;10.0271
22280;53.6044;10.0271
22281;53.6013;9.9902
22282;53.5643;9.9405
22283;53.6044;10.0271
22284;53.6206;10.0145
22287;53.6013;10.0178
22288;53.5782;9.9988
22290;53.6069;10.0191
22291;53.6029;10.0265
22292;53.6042;10.0190
22293;53.5833;10.0284
22294;53.5872;10.0576
22297;53.6023;10.0131
22299;53.5957;10.0122
22301;53.5953;10.0122
22303;53.5953;10.0266
22305;53.5953;10.0483
22307;53.5992;10.0511
22309;53.6122;10.0511
22331;53.6253;10.0272
22332;53.6217;9.9970
22335;53.6219;10.0143
22337;53.6219;10.0347
22339;53.6508;10.0432
22357;53.6553;10.1047
22359;53.6556;10.1656
22389;53.6700;10.0886
22391;53.6431;10.0819
22393;53.6471;10.0897
22395;53.6672;10.1231
22397;53.7042;10.1172
22399;53.6641;10.0742
22413;53.6738;10.0029
22415;53.6539;10.0161
22417;53.6633;10.0345
22419;53.6663;10.0083
22451;53.6213;9.9592
22453;53.6186;9.9869
22455;53.6364;9.9550
22457;53.6364;9.9306
22459;53.6242;9.9306
22520;53.5948;9.9445
22521;53.5947;9.9254
22523;53.6108;9.9161
22525;53.5920;9.9198
22527;53.5930;9.9400
22529;53.6021;9.9611
22545;53.5817;9.8523
22547;53.5892;9.8831
22549;53.5824;9.8742
22557;53.5822;9.7730
22559;53.5931;9.7651
22585;53.5648;9.8088
22587;53.5736;9.8031
22589;53.5781;9.8079
22603;53.5745;9.8870
22605;53.5658;9.8881
22607;53.5658;9.8794
22609;53.5658;9.8654
22743;53.5585;9.9092
22744;53.5603;9.9591
22745;53.5422;10.0018
22746;53.5615;9.9116
22747;53.5557;9.9427
22748;53.5461;9.9369
22750;53.5640;9.9951
22754;53.5539;9.9362
22755;53.5617;9.9457
22756;53.5576;10.0207
22758;53.5562;9.9404
22761;53.5697;9.9116
22763;53.5550;9.9084
22765;53.5550;9.9361
22767;53.5511;9.9425
22769;53.5625;9.9447
22776;53.5486;10.0190
22777;53.5486;10.0190
22778;53.5486;10.0190
22779;53.5486;10.0190
22780;50.1448;8.5599
22781;48.7385;9.1096
22782;53.5745;9.8870
22783;53.6044;10.0271
22785;53.5660;9.9364
22787;53.6012;10.0265
22788;53.5486;10.0190
22789;53.5486;10.0190
22790;53.6494;10.0347
22791;53.5585;9.9092
22792;53.5616;9.9164
22794;53.5740;9.8874
22795;53.5822;10.0280
22796;53.5505;9.9906
22797;53.5496;9.9782
22799;53.6012;10.0265
22839;53.6693;9.9683
22841;53.8040;9.9941
22842;53.6811;9.9878
22844;53.7246;10.0124
22846;53.7099;9.9946
22848;53.6736;9.9833
22850;53.6855;9.9976
22851;53.6874;10.0366
22865;53.5942;9.8350
22866;53.6037;9.8364
22867;53.5942;9.8350
22869;53.6000;9.8500
22876;53.5764;9.7343
22880;53.5837;9.6984
22885;53.5667;10.1667
22889;53.7333;10.0833
22923;53.6807;10.2518
22926;53.6752;10.2259
22927;53.6667;10.2833
22929;53.6091;10.4267
22939;53.7296;10.2658
22941;53.7333;10.2669
22946;53.6126;10.4000
22949;53.7000;10.2000
22952;53.6500;10.3667
22955;53.6500;10.3167
22956;53.6416;10.4078
22958;53.5833;10.4000
22959;53.6445;10.4685
22962;53.6333;10.3000
22964;53.7167;10.4000
22965;53.6946;10.3478
22967;53.7438;10.3102
22969;53.5667;10.3333
23533;53.8482;10.6728
23538;53.8364;10.7111
23539;53.8696;10.6871
23540;53.8525;10.6809
23541;53.8514;10.6805
23542;53.8566;10.6695
23543;53.8549;10.6314
23544;53.8641;10.6504
23546;53.8719;10.6664
23547;53.8672;10.6848
23552;53.8685;10.6854
23554;53.8760;10.6748
23556;53.8672;10.6478
23558;53.8606;10.6611
23560;53.8471;10.6845
23562;53.8511;10.7028
23564;53.8705;10.6986
23566;53.8658;10.7316
23568;53.8922;10.7583
23569;53.9167;10.8073
23570;53.8667;10.7000
23590;53.8634;10.6042
23611;53.9189;10.6969
23615;53.8901;10.6320
23616;53.8901;10.6320
23617;53.8922;10.6471
23619;53.8833;10.5500
23623;54.0086;10.5743
23626;53.9500;10.7333
23627;53.8000;10.7500
23628;53.7833;10.6667
23629;54.0028;10.7101
23669;53.9953;10.7768
23683;54.0345;10.7322
23684;54.0333;10.7500
23689;53.9861;10.7080
23701;54.1215;10.7017
23714;54.2000;10.6833
23715;54.0979;10.4357
23717;54.1667;10.7167
23719;54.0500;10.5167
23730;54.1333;10.8333
23738;54.2167;10.9000
23743;54.1500;10.9667
23744;54.1833;10.7500
23746;54.1934;11.0616
23747;54.2167;11.0833
23749;54.2333;11.0333
23758;54.2958;10.9333
23769;54.4378;11.1935
23774;54.3696;10.9802
23775;54.3833;11.0833
23777;54.3010;11.0066
23779;54.3238;11.0144
23791;53.9382;10.2988
23792;53.9337;10.3056
23795;53.9436;10.3167
23812;53.9516;10.2063
23813;54.0167;10.3667
23815;53.9213;10.4500
23816;53.8667;10.2833
23818;53.9000;10.3833
23820;53.9500;10.4667
23821;53.9667;10.3889
23823;54.0500;10.4167
23824;54.0667;10.3186
23826;53.9000;10.1833
23827;53.9833;10.4167
23829;53.9220;10.2333
23840;53.8020;10.3883
23841;53.8091;10.3824
23843;53.8117;10.3500
23845;53.8667;10.3500
23847;53.7500;10.4833
23858;53.8333;10.5000
23860;53.8167;10.5667
23863;53.7678;10.1875
23864;53.7991;10.1347
23866;53.8000;10.1333
23867;53.8000;10.2333
23869;53.7667;10.2667
23879;53.6170;10.6874
23881;53.6167;10.6167
23883;53.6167;10.8167
23896;53.6565;10.5833
23898;53.6833;10.5333
23899;53.5556;10.7702
23909;53.6996;10.7667
23911;53.7000;10.7500
23919;53.7167;10.6333
23923;53.8341;10.9282
23935;53.8264;11.2272
23936;53.8422;11.1476
23942;53.9577;10.9755
23944;53.9878;11.2019
23946;53.9833;11.2167
23948;53.9287;11.1535
23952;53.8884;11.4622
23966;53.8920;11.4636
23968;53.9023;11.3763
23970;53.9110;11.5853
23972;53.8500;11.4667
23974;53.9454;11.5339
23992;53.9121;11.7317
23996;53.8045;11.3880
23999;54.0000;11.4333
24088;54.3155;10.1282
24090;54.2752;10.1612
24091;54.3218;10.1340
24094;54.3447;10.1326
24095;54.3332;10.1392
24096;54.3332;10.1392
24097;54.3154;10.1315
24098;54.3383;10.1283
24099;54.3218;10.1340
24100;54.3241;10.1340
24103;54.3205;10.1327
24105;54.3347;10.1348
24106;54.3506;10.1205
24107;54.3333;10.0493
24109;54.3205;10.0510
24111;54.3333;10.1333
24113;54.3010;10.1160
24114;54.3157;10.1302
24116;54.3253;10.1212
24118;54.3334;10.1176
24119;54.3333;10.0833
24130;54.3085;10.1384
24131;54.3090;10.1327
24143;54.3061;10.1448
24145;54.3333;10.1333
24146;54.3333;10.1333
24147;54.3333;10.2137
24148;54.3187;10.1703
24149;54.3333;10.1333
24159;54.3973;10.1505
24161;54.4000;10.1333
24180;54.2752;10.1612
24211;54.2333;10.2780
24214;54.4000;9.9833
24217;54.3887;10.3667
24220;54.2264;10.0667
24222;54.2944;10.2167
24223;54.2813;10.2491
24226;54.3667;10.2000
24229;54.4333;10.1260
24232;54.3333;10.2801
24235;54.4000;10.2667
24238;54.2833;10.4333
24239;54.3132;9.9661
24241;54.2167;10.0167
24242;54.3000;9.9333
24244;54.4167;10.0500
24245;54.2333;10.1667
24247;54.2833;10.0500
24248;54.3500;10.1833
24250;54.1833;10.1926
24251;54.4333;10.0167
24253;54.3667;10.3167
24254;54.2556;10.0245
24256;54.3333;10.3500
24257;54.3576;10.4787
24259;54.2745;9.8958
24300;54.2835;10.1622
24306;54.1667;10.4233
24321;54.3208;10.5894
24326;54.1180;10.3455
24327;54.2500;10.6333
24329;54.2407;10.5167
24340;54.4667;9.8167
24349;54.5862;10.0223
24351;54.5833;9.9359
24354;54.5414;9.8169
24357;54.4833;9.7000
24358;54.4333;9.7005
24360;54.5000;9.8333
24361;54.4000;9.7333
24363;54.4000;9.8500
24364;54.5500;9.8833
24366;54.5167;9.8833
24367;54.4500;9.7500
24369;54.5333;9.9833
24376;54.6612;9.9313
24392;54.6333;9.8000
24395;54.7500;9.9000
24398;54.6237;9.9732
24399;54.6304;9.9316
24401;54.6500;9.7167
24402;54.7167;9.7833
24404;54.6833;9.9833
24405;54.6833;9.7667
24407;54.6667;9.8500
24409;54.7000;9.8833
24530;54.0681;9.9868
24531;54.0739;9.9879
24534;54.0725;9.9828
24536;54.1077;10.0333
24537;54.0893;9.9779
24539;54.0614;9.9982
24558;53.8050;10.0833
24568;53.8391;9.9911
24576;53.9240;9.8526
24582;54.1758;10.0500
24589;54.1833;9.8833
24594;54.1000;9.6937
24598;54.0000;10.0667
24601;54.1122;10.2167
24610;54.0490;10.2150
24613;54.0833;9.7833
24616;53.9833;9.8167
24619;54.0667;10.2333
24620;54.0833;10.0667
24622;54.1333;9.8167
24623;53.9833;9.9667
24625;54.1429;10.0744
24626;54.0500;10.0833
24628;53.8986;10.0595
24629;53.8167;10.0167
24631;54.2103;9.9276
24632;53.8667;9.8833
24634;54.0500;9.9167
24635;54.0167;10.2500
24637;54.1167;10.1333
24638;54.0830;10.2705
24640;53.9000;9.9833
24641;53.8424;10.1122
24643;53.8667;10.0500
24644;54.1397;9.9333
24646;54.2167;9.8833
24647;54.0743;9.9000
24649;53.9582;9.9030
24768;54.3066;9.6631
24782;54.3333;9.6729
24783;54.2901;9.6990
24784;54.2833;9.6500
24787;54.3000;9.6000
24790;54.3128;9.7500
24791;54.3667;9.6500
24793;54.1667;9.7667
24794;54.3667;9.7095
24796;54.3333;9.8729
24797;54.2333;9.5833
24799;54.3167;9.4167
24800;54.2667;9.5167
24802;54.2333;9.8500
24803;54.3000;9.3333
24805;54.2252;9.5187
24806;54.3000;9.5000
24808;54.2333;9.6667
24809;54.2667;9.6167
24811;54.4037;9.6335
24813;54.2667;9.6333
24814;54.3667;9.8167
24816;54.1667;9.6667
24817;54.3500;9.5000
24819;54.1667;9.5833
24837;54.5216;9.5586
24848;54.4167;9.4833
24850;54.5167;9.4833
24852;54.6167;9.3667
24855;54.5923;9.4174
24857;54.5000;9.6667
24860;54.6167;9.5833
24861;54.3833;9.3167
24863;54.4000;9.3833
24864;54.5500;9.7167
24866;54.4911;9.5500
24867;54.4833;9.5000
24869;54.4333;9.3667
24870;54.4749;9.4114
24872;54.4415;9.4351
24873;54.6500;9.5167
24875;54.6616;9.5592
24876;54.4593;9.3370
24878;54.4565;9.5667
24879;54.5833;9.5333
24881;54.5667;9.5833
24882;54.5500;9.6333
24884;54.4667;9.6167
24885;54.6415;9.4695
24887;54.5167;9.3833
24888;54.6167;9.7500
24890;54.6000;9.5833
24891;54.6500;9.6500
24893;54.5667;9.6833
24894;54.6000;9.6833
24896;54.5000;9.3167
24897;54.5667;9.7500
24899;54.4061;9.2989
24927;54.7929;9.4237
24930;54.7761;9.3879
24932;54.8133;9.4645
24933;54.7761;9.3879
24937;54.7862;9.4306
24939;54.7983;9.4206
24941;54.7652;9.4181
24943;54.7915;9.4833
24944;54.8092;9.4698
24945;54.7917;9.4394
24955;54.8000;9.3833
24960;54.8352;9.5667
24963;54.6667;9.4000
24966;54.7167;9.6667
24969;54.7000;9.2500
24972;54.7546;9.7607
24975;54.7667;9.5667
24976;54.7645;9.3153
24977;54.8069;9.6531
24980;54.7580;9.1833
24983;54.7645;9.3153
24986;54.8244;9.6055
24988;54.7180;9.4333
24989;54.7780;9.6798
24991;54.7275;9.5167
24992;54.6333;9.3000
24994;54.8333;9.1833
24996;54.7265;9.7357
24997;54.6833;9.3333
24999;54.8062;9.5170
25320;53.7564;9.6621
25333;53.7496;9.6621
25335;53.7567;9.5945
25336;53.7491;9.6592
25337;53.7494;9.6977
25348;53.7889;9.4258
25355;53.7921;9.7691
25358;53.8167;9.6167
25361;53.8369;9.5167
25364;53.8667;9.7167
25365;53.7975;9.6865
25368;53.7833;9.6167
25370;53.7178;9.5980
25371;53.7000;9.5667
25373;53.7260;9.7693
25376;53.8333;9.4667
25377;53.7294;9.4788
25379;53.7833;9.4833
25389;53.7443;9.7026
25392;53.7450;9.7002
25404;53.6590;9.8010
25421;53.6591;9.8009
25429;53.6934;9.6542
25436;53.7000;9.6694
25437;53.7039;9.7310
25450;53.7453;9.9416
25451;53.7283;9.9093
25462;53.6413;9.8647
25469;53.6333;9.8500
25474;53.6667;9.9167
25479;53.7500;9.9167
25482;53.6581;9.7458
25485;53.7667;9.8626
25486;53.7833;9.9167
25488;53.6167;9.6667
25489;53.6618;9.6201
25491;53.6071;9.6372
25492;53.6500;9.6500
25494;53.6833;9.8167
25495;53.6926;9.7910
25497;53.6833;9.7500
25499;53.6771;9.8488
25518;53.9596;9.4840
25520;53.9352;9.4977
25521;53.9352;9.4977
25522;53.9317;9.5202
25524;53.9210;9.5153
25541;53.8950;9.1048
25548;53.9578;9.7196
25551;53.9667;9.6167
25554;53.9467;9.3747
25557;54.1333;9.4251
25560;54.0524;9.4667
25563;53.9280;9.7667
25566;53.8833;9.5857
25569;53.8872;9.4781
25572;53.9333;9.2530
25573;53.8794;9.4131
25575;54.1167;9.5333
25576;53.8638;9.3231
25578;53.8833;9.5333
25579;54.0009;9.7667
25581;54.0333;9.7167
25582;54.0040;9.5236
25584;54.0501;9.3600
25585;54.1833;9.4833
25587;53.9023;9.5412
25588;53.9772;9.4345
25590;54.1082;9.5744
25591;53.9711;9.5042
25593;54.0667;9.5833
25594;53.9878;9.3833
25596;54.0297;9.3861
25597;53.9135;9.6239
25599;53.8500;9.4000
25693;54.0000;9.1079
25704;54.0918;9.0687
25709;53.9523;9.0104
25712;54.0106;9.2236
25715;53.9500;9.1500
25718;54.0167;8.9167
25719;54.0412;9.0500
25721;54.0500;9.2667
25724;53.9000;9.0167
25725;54.1000;9.3333
25727;54.0494;9.1833
25729;54.0500;9.1167
25742;54.1947;9.1249
25744;54.2022;9.1002
25746;54.2000;9.0764
25761;54.1500;8.8833
25764;54.2122;8.9167
25767;54.1648;9.3199
25770;54.1560;9.0667
25774;54.3167;9.0237
25776;54.3106;9.0787
25779;54.2833;9.1500
25782;54.2167;9.2833
25785;54.1389;9.1833
25786;54.2333;9.3667
25788;54.2903;9.2500
25791;54.2500;9.1833
25792;54.2667;8.9915
25794;54.2667;9.3050
25795;54.2667;9.0910
25797;54.1667;9.0000
25799;54.2131;9.3821
25813;54.4858;9.0833
25821;54.6023;9.0000
25826;54.3036;8.6414
25832;54.3333;8.9423
25836;54.3306;8.7833
25840;54.3833;9.0867
25842;54.6833;8.9500
25845;54.5167;8.8869
25849;54.5161;8.6451
25850;54.5667;9.2667
25852;54.6333;8.9333
25853;54.5833;9.0500
25855;54.6000;9.1833
25856;54.5333;9.0000
25858;54.6500;9.0667
25859;54.5700;8.5481
25860;54.5333;9.0833
25862;54.6833;9.1333
25863;54.6333;8.6333
25864;54.6216;9.1726
25866;54.4667;9.1000
25868;54.3600;9.2408
25869;54.6333;8.7167
25870;54.4039;8.9400
25872;54.4667;9.2343
25873;54.4468;9.1693
25875;54.5092;9.0062
25876;54.3970;9.2167
25878;54.3667;9.1667
25879;54.3500;9.2167
25881;54.3816;8.7080
25882;54.3521;8.8279
25884;54.5833;9.1419
25885;54.5151;9.2219
25887;54.4333;9.2000
25889;54.4153;8.9833
25899;54.7866;8.8285
25917;54.7833;9.0285
25920;54.7580;8.9275
25923;54.8500;8.8904
25924;54.8667;8.7000
25926;54.8500;9.0214
25927;54.8761;8.7691
25938;54.7102;8.4909
25946;54.6508;8.3537
25980;54.8611;8.3033
25992;55.0192;8.4313
25996;54.9358;8.3300
25997;54.7573;8.2883
25999;54.9541;8.3417
26060;48.1325;11.6203
26066;49.5938;11.0067
26090;53.1094;8.2630
26101;53.1487;8.2000
26102;53.1118;8.2102
26105;53.1524;8.1876
26106;53.1388;8.2028
26107;53.1466;8.2171
26108;53.1393;8.1963
26109;53.1412;8.2253
26110;53.1880;8.2270
26111;53.1488;8.1823
26114;53.1107;8.2094
26119;53.1580;8.2182
26121;53.1599;8.2050
26122;53.1407;8.2171
26123;53.1567;8.2333
26125;53.1698;8.2250
26127;53.1684;8.2106
26129;53.1547;8.1706
26131;53.1310;8.1828
26133;53.1156;8.2159
26135;53.1267;8.2384
26158;53.1832;8.0201
26160;53.1717;8.0414
26169;53.0226;7.8576
26177;53.2799;8.1583
26178;53.2799;8.1880
26180;53.2500;8.2000
26188;53.1228;8.1138
26197;52.9438;8.2532
26203;53.0667;8.2000
26209;53.0167;8.3500
26215;53.2500;8.1167
26219;53.0000;7.9500
26316;53.3876;8.1204
26340;53.3946;7.9548
26345;53.3926;8.0167
26349;53.3844;8.2410
26379;53.5352;8.1333
26380;53.5203;8.1226
26382;53.5234;8.1075
26384;53.5395;8.1441
26386;53.5568;8.1266
26388;53.5770;8.1021
26389;53.5241;8.0867
26392;53.5163;8.1226
26409;53.5894;7.7738
26419;53.5418;7.9500
26425;53.6918;7.6915
26427;53.6333;7.6500
26434;53.6580;7.9544
26441;53.5737;7.8981
26446;53.4663;7.8564
26452;53.4991;8.0163
26465;53.7500;7.4833
26474;53.7701;7.6948
26486;53.7900;7.8994
26487;53.5768;7.5582
26489;53.6069;7.5162
26506;53.5915;7.2127
26524;53.6000;7.2904
26529;53.5333;7.2833
26532;53.5961;7.3702
26548;53.7083;7.1582
26553;53.6537;7.4391
26556;53.6000;7.4500
26571;53.6779;6.9958
26579;53.7284;7.3714
26603;53.4719;7.4775
26605;53.4817;7.5206
26607;53.4839;7.5151
26623;53.5004;7.3875
26624;53.4755;7.3516
26629;53.3925;7.5988
26632;53.4151;7.4002
26639;53.4167;7.7333
26653;53.2565;7.9301
26655;53.2568;7.9274
26670;53.3055;7.7512
26676;53.1698;7.7501
26683;53.1033;7.6825
26689;53.2262;7.7489
26721;53.3701;7.2031
26723;53.3667;7.2167
26725;53.3528;7.2184
26736;53.4355;7.0912
26757;53.5809;6.6915
26759;53.4167;7.1941
26786;53.2320;7.4585
26787;53.2320;7.4565
26789;53.2348;7.4752
26802;53.3114;7.4230
26810;53.1692;7.4614
26817;53.1362;7.5747
26826;53.1633;7.3505
26831;53.1833;7.2667
26835;53.3104;7.6000
26842;53.1333;7.6167
26844;53.2667;7.3833
26845;53.2461;7.5718
26847;53.2093;7.6740
26849;53.2421;7.6279
26869;53.0794;7.3931
26871;53.0774;7.4044
26892;52.9647;7.3333
26897;52.9929;7.6333
26899;53.0602;7.2713
26901;52.9249;7.7089
26903;52.9780;7.5153
26904;52.9121;7.5358
26906;52.9611;7.2739
26907;52.9272;7.2832
26909;53.0045;7.4484
26919;53.3252;8.4650
26930;53.2369;8.4599
26931;53.2375;8.4566
26935;53.3833;8.3833
26936;53.3833;8.3833
26937;53.3833;8.3833
26939;53.3419;8.4218
26954;53.4861;8.4809
26969;53.5472;8.3350
27209;52.8242;8.6991
27211;52.8506;8.7279
27232;52.6837;8.8095
27239;52.7993;8.6416
27243;52.9275;8.5896
27245;52.5952;8.8086
27246;52.6646;9.0201
27248;52.7500;8.7000
27249;52.7070;8.8970
27251;52.7763;8.7667
27252;52.7377;8.8303
27254;52.7167;8.9667
27257;52.7934;8.8833
27259;52.6230;8.6902
27270;52.9264;9.2822
27279;52.9233;9.2397
27280;52.9227;9.2392
27281;52.9227;9.2338
27283;52.9208;9.2480
27298;52.9839;9.1838
27299;52.9786;9.1854
27305;52.8293;8.9221
27308;52.9424;9.3181
27313;52.8500;9.2333
27317;52.8054;9.1354
27318;52.8333;9.1403
27321;52.9535;9.0167
27324;52.7809;9.2256
27327;52.9000;9.0608
27330;52.7722;9.0049
27333;52.7500;9.1337
27336;52.7833;9.3923
27337;52.9167;9.1333
27339;52.9667;8.9500
27356;53.1199;9.4238
27357;53.0941;9.4480
27367;53.1167;9.2357
27374;52.9855;9.5826
27383;53.1667;9.4833
27386;53.0833;9.5000
27389;53.2000;9.5667
27400;53.2799;9.3093
27404;53.3000;9.2769
27412;53.2370;9.1308
27419;53.2934;9.5043
27432;53.4846;9.0500
27442;53.3833;9.0000
27446;53.4093;9.2333
27449;53.4815;9.3212
27470;53.8625;8.6975
27472;53.8584;8.7090
27474;53.8555;8.6773
27476;53.8610;8.6483
27478;53.8187;8.6640
27498;54.1814;7.8863
27499;53.9167;8.5000
27554;53.5426;8.5803
27568;53.5687;8.5741
27570;53.5286;8.5907
27572;53.5002;8.6047
27574;53.5299;8.6098
27576;53.5545;8.5933
27578;53.5887;8.5977
27580;53.5685;8.5968
27607;53.6055;8.5951
27612;53.4667;8.6500
27616;53.4341;8.7839
27619;53.5333;8.6500
27624;53.6034;8.8487
27628;53.3598;8.6434
27637;53.7833;8.6000
27638;53.6500;8.5167
27639;53.7000;8.5667
27709;53.2282;8.7947
27711;53.2270;8.7953
27721;53.1829;8.7355
27726;53.2167;8.9333
27729;53.3333;8.8252
27747;53.0471;8.6283
27749;53.0509;8.6291
27751;53.0480;8.6606
27753;53.0628;8.6236
27755;53.0275;8.6385
27777;53.0333;8.5333
27793;52.8945;8.4338
27798;53.1167;8.4667
27801;52.9333;8.3833
27804;53.1814;8.4822
27809;53.1667;8.6167
28100;53.0804;8.7957
28101;53.0877;8.7846
28102;53.0829;8.8687
28103;53.0821;8.7885
28104;53.2316;8.6990
28105;53.0807;8.8014
28107;53.0803;8.7320
28111;53.0738;8.8053
28163;53.0766;8.8035
28174;53.0761;8.8032
28177;53.0751;8.8374
28178;53.0601;8.9040
28181;53.0692;8.7865
28182;53.0181;8.8779
28183;53.0543;8.7984
28184;53.0735;8.8116
28185;53.0761;8.8037
28187;53.0730;8.8669
28188;53.0698;8.8685
28189;53.0779;8.8087
28190;53.0601;8.9040
28192;53.1409;8.7038
28195;53.0889;8.7906
28197;53.0854;8.7463
28199;53.0618;8.7900
28201;53.0577;8.8036
28203;53.0711;8.8317
28205;53.0709;8.8460
28207;53.0687;8.8697
28209;53.0841;8.8271
28211;53.0859;8.8549
28213;53.1094;8.7814
28215;53.0926;8.8073
28217;53.0938;8.7830
28219;53.1036;8.7875
28237;53.1165;8.7595
28239;53.1240;8.7464
28259;53.0543;8.7457
28275;53.0831;8.8067
28277;53.1094;8.7814
28279;53.0483;8.8383
28305;53.0482;8.8864
28307;53.0441;8.9558
28309;53.0515;8.8896
28323;53.0801;8.8837
28325;53.1094;8.7814
28327;53.0810;8.8925
28329;53.0815;8.8721
28335;53.0540;8.7460
28353;53.1121;8.8514
28355;53.1001;8.9029
28357;53.1178;8.8947
28359;53.1003;8.8752
28363;53.0851;8.7992
28365;53.0777;8.7943
28366;53.0791;8.7994
28375;53.1732;8.6369
28390;53.1071;8.8655
28700;53.0518;8.7748
28717;53.1735;8.7045
28719;53.1728;8.7135
28751;53.1419;8.7051
28755;53.1094;8.7814
28757;53.1094;8.7814
28759;53.1094;8.7814
28777;53.1094;8.7814
28779;53.1094;8.7814
28788;53.2248;8.5769
28790;53.2321;8.5407
28816;53.0333;8.7500
28832;53.0142;9.0263
28844;52.9890;8.8314
28855;52.9139;8.8242
28857;52.9135;8.8221
28865;53.1419;8.9034
28869;53.0627;9.1728
28870;53.1292;9.1068
28876;53.0500;9.0167
28879;53.1833;8.9833
29216;52.6343;10.0817
29218;52.6130;10.0662
29219;52.6381;10.0498
29220;52.6195;10.0880
29221;52.6175;10.0850
29223;52.6333;10.0842
29225;52.6122;10.0402
29227;52.6110;10.0993
29229;52.6167;10.0833
29270;52.6416;10.1041
29303;52.8084;9.9637
29308;52.6837;9.9095
29313;52.6333;9.9833
29320;52.8325;10.0896
29323;52.6500;9.8333
29328;52.9000;10.1667
29331;52.6167;10.2500
29336;52.5570;10.1021
29339;52.5369;10.1507
29342;52.5802;10.1886
29345;52.8347;10.2969
29348;52.7349;10.2833
29351;52.6833;10.3333
29352;52.5640;10.0604
29353;52.6107;10.2853
29355;52.6429;10.2591
29356;52.5163;10.2151
29358;52.5504;10.1844
29359;52.7086;10.2274
29361;52.6833;10.2500
29362;52.5872;10.3760
29364;52.5559;10.2829
29365;52.7667;10.4918
29367;52.6833;10.4000
29369;52.5911;10.4319
29377;52.6653;10.6839
29378;52.7281;10.7391
29379;52.7333;10.7167
29386;52.7333;10.5971
29389;52.8333;10.6833
29392;52.6000;10.5333
29393;52.6476;10.4637
29394;52.8088;10.6661
29396;52.6333;10.6333
29399;52.6167;10.6000
29410;52.8544;11.2333
29413;52.8000;10.9643
29416;52.7939;11.2611
29439;52.9681;11.1540
29451;53.0926;11.1116
29456;53.1535;11.0022
29459;52.9519;10.9470
29462;52.9237;11.1285
29465;52.8912;10.8771
29468;52.8908;10.9443
29471;53.0247;11.4604
29472;53.1471;11.1769
29473;53.1283;10.9418
29475;53.0483;11.3573
29476;53.0788;11.2012
29478;53.0584;11.4384
29479;53.0434;11.0344
29481;53.0869;11.0166
29482;53.0121;11.0316
29484;53.1009;11.2558
29485;52.9167;11.3333
29487;52.9275;11.0486
29488;52.9116;11.1810
29490;53.2290;10.8853
29491;52.9667;11.4000
29493;53.0373;11.5645
29494;53.0000;11.3167
29496;52.9970;10.9637
29497;52.9500;11.2167
29499;53.0685;10.8832
29523;52.9649;10.5577
29525;52.9657;10.5611
29549;53.0792;10.5813
29553;53.1416;10.4868
29556;52.8959;10.4514
29559;52.9043;10.5749
29562;52.9333;10.7667
29565;53.0313;10.2985
29568;52.8853;10.6587
29571;52.9866;10.7518
29574;53.0278;10.4184
29575;53.1305;10.6016
29576;53.0500;10.5167
29578;52.9660;10.3132
29579;53.0202;10.5646
29581;52.9667;10.4167
29582;53.0500;10.3667
29584;53.0942;10.7291
29585;53.1013;10.5224
29587;53.0798;10.4703
29588;53.0192;10.6757
29590;52.9758;10.6754
29591;53.1000;10.6500
29593;53.0056;10.4454
29594;52.8737;10.7616
29596;52.8757;10.5562
29597;53.0667;10.7833
29599;53.0594;10.7028
29611;52.9651;9.8557
29612;52.9651;9.8557
29614;52.9864;9.8434
29633;52.9857;10.0876
29640;53.1168;9.7952
29643;53.0326;9.7064
29646;53.0831;9.9977
29649;52.9167;9.9833
29664;52.8615;9.5926
29683;52.8497;9.6880
29690;52.6913;9.6414
29693;52.7651;9.5949
29699;52.9000;9.6500
30125;52.3713;9.8056
30126;52.3750;9.7428
30127;52.3821;9.7542
30130;52.3709;9.7652
30131;52.4162;9.7328
30132;52.3900;9.7549
30133;52.4015;9.7659
30134;52.4191;9.8259
30135;52.4162;9.7328
30138;52.4015;9.7659
30139;52.3788;9.7331
30140;52.3702;9.7445
30141;52.3316;9.7746
30142;52.3711;9.7687
30144;52.3713;9.8056
30145;52.3343;9.7794
30146;52.3770;9.7263
30147;52.3753;9.7283
30148;52.3498;9.8027
30149;52.3628;9.7216
30151;52.3679;9.7416
30152;52.3995;9.7371
30153;52.3753;9.7415
30154;52.4210;9.7326
30156;52.3551;9.7596
30157;52.1657;9.9921
30159;52.3736;9.7371
30161;52.3874;9.7465
30163;52.3943;9.7475
30165;52.4008;9.7217
30167;52.3914;9.7083
30169;52.3633;9.7480
30171;52.3697;9.7521
30173;52.3586;9.7558
30175;52.3667;9.7167
30177;52.3973;9.7707
30179;52.4137;9.7544
30417;52.4165;9.6387
30419;52.4140;9.6603
30449;52.3685;9.7082
30451;52.3751;9.7094
30453;52.3665;9.6815
30455;52.3574;9.6710
30457;52.3288;9.7001
30459;52.3425;9.7153
30517;52.3279;9.7778
30519;52.3398;9.7743
30521;52.3667;9.7167
30539;52.3390;9.8288
30559;52.3613;9.8344
30619;52.3783;9.8074
30620;52.3714;9.8052
30621;52.3713;9.8056
30622;52.4015;9.7659
30623;52.3841;9.8060
30625;52.3795;9.8075
30627;52.3667;9.7167
30629;52.3895;9.8502
30645;52.3835;9.8104
30647;52.4108;9.8183
30655;52.4026;9.7939
30657;52.4265;9.7921
30659;52.4097;9.8080
30669;52.3667;9.7167
30684;52.3316;9.7746
30686;51.5161;7.4620
30689;52.3753;9.7283
30690;52.2592;9.7810
30691;52.3767;9.7290
30692;52.4215;9.8298
30700;52.3566;9.8749
30820;52.4193;9.5738
30821;52.4199;9.5750
30823;52.4182;9.6021
30826;52.4759;9.5359
30827;52.4353;9.6110
30851;52.4378;9.7432
30853;52.4506;9.7492
30855;52.4402;9.6655
30875;52.3001;9.8215
30876;52.2860;9.8212
30880;52.3151;9.7974
30890;52.3000;9.4500
30900;52.5410;9.7429
30916;52.4333;9.8500
30926;52.3964;9.5973
30938;52.5027;9.8600
30952;52.3194;9.6554
30966;52.3143;9.7236
30974;52.2740;9.5729
30982;52.2645;9.7644
30988;52.3042;9.5976
30989;52.3136;9.6003
31007;52.1191;9.7364
31008;52.1226;9.7359
31020;52.0887;9.6312
31028;52.0833;9.7833
31029;52.0667;9.7500
31032;52.1143;9.7940
31033;52.0425;9.7745
31036;52.0745;9.7212
31039;52.0578;9.7871
31061;51.9881;9.8170
31073;51.9412;9.8027
31079;52.0500;9.9167
31084;51.9333;9.9000
31085;51.9500;9.9167
31088;51.9333;9.9333
31089;52.0045;9.6958
31091;51.9833;9.7333
31093;52.0189;9.7535
31094;52.0372;9.6869
31096;52.0333;9.6667
31097;51.9833;9.9667
31099;51.9833;9.9500
31120;52.1496;9.9473
31121;52.1591;9.9584
31129;52.1496;9.9473
31130;52.1525;9.9518
31131;52.1657;9.9921
31132;52.1454;9.9471
31134;52.1531;9.9555
31135;52.1647;9.9768
31137;52.1603;9.9331
31139;52.1410;9.9407
31141;52.1353;9.9713
31157;52.2350;9.8541
31162;52.0578;10.0058
31167;52.0099;10.1320
31171;52.1620;9.7835
31174;52.1853;10.1023
31177;52.2104;9.9649
31180;52.1972;9.8989
31185;52.1890;10.2324
31188;52.0872;10.1601
31191;52.2533;9.9691
31195;51.9833;10.0500
31196;52.0124;9.9759
31199;52.0962;9.9195
31221;52.3290;10.2461
31224;52.3233;10.2307
31226;52.3143;10.2336
31228;52.3395;10.2492
31234;52.3870;10.2614
31241;52.2634;10.1992
31246;52.2500;10.2167
31249;52.2575;10.0642
31272;52.3614;9.9941
31273;52.3885;9.9664
31275;52.3719;9.9792
31300;52.4458;10.0048
31303;52.4463;10.0064
31311;52.4713;10.1581
31319;52.3139;9.9682
31513;52.4191;9.4549
31515;52.4238;9.4359
31533;52.5033;9.4615
31535;52.5046;9.4587
31542;52.3393;9.3790
31547;52.4539;9.2151
31552;52.3079;9.3336
31553;52.3978;9.2919
31555;52.3576;9.3893
31556;52.4189;9.2570
31558;52.4337;9.3247
31559;52.3694;9.3716
31577;52.6402;9.2039
31582;52.6537;9.2365
31592;52.5138;9.0296
31595;52.5786;9.0242
31600;52.4998;8.9093
31603;52.4187;8.7176
31604;52.4500;8.9667
31606;52.4570;8.8495
31608;52.6686;9.1422
31609;52.7167;9.1667
31613;52.7167;9.0833
31618;52.6036;9.0972
31619;52.6167;9.1333
31621;52.6418;9.0263
31622;52.7130;9.2730
31623;52.6869;9.2108
31626;52.7333;9.2333
31627;52.7099;9.2323
31628;52.5463;9.1251
31629;52.5885;9.1415
31632;52.5667;9.2500
31633;52.5000;9.1167
31634;52.6548;9.3912
31636;52.5935;9.3026
31637;52.6658;9.4821
31638;52.6407;9.3403
31653;52.3237;9.2052
31655;52.3169;9.2327
31673;52.2615;9.0501
31675;52.2818;9.0609
31681;52.2791;9.1473
31682;52.2873;9.1387
31683;52.2721;9.1223
31688;52.2924;9.1669
31691;52.3029;9.1168
31693;52.3300;9.1082
31698;52.3580;9.2843
31699;52.3500;9.3167
31700;52.3295;9.2787
31702;52.3582;9.2509
31707;52.2421;9.0982
31708;52.2547;9.1009
31710;52.2265;9.1278
31711;52.2254;9.0926
31712;52.3521;9.1479
31714;52.3569;9.2093
31715;52.3417;9.1507
31717;52.3500;9.1833
31718;52.3853;9.1881
31719;52.3838;9.1202
31735;52.1974;9.0897
31737;52.1733;9.1201
31749;52.2364;9.2473
31774;50.7191;7.1170
31778;52.1074;9.3946
31779;52.1074;9.3946
31780;52.1100;9.3586
31781;52.1074;9.3946
31783;52.1055;9.3586
31784;52.1044;9.3601
31785;52.1037;9.3676
31787;52.1150;9.3388
31789;52.0988;9.3950
31810;51.9912;9.2575
31812;51.9859;9.2525
31829;48.1918;11.6485
31830;52.2107;9.5604
31832;52.2084;9.5542
31840;52.1727;9.2491
31848;52.1955;9.4642
31855;52.0495;9.2586
31860;52.0449;9.4001
31863;52.1185;9.5487
31867;52.2600;9.3710
31868;51.9471;9.4070
32042;52.1221;8.6749
32044;52.1227;8.6685
32045;52.1198;8.6711
32046;52.1219;8.6700
32049;52.1337;8.6963
32051;52.1270;8.6427
32052;52.1005;8.6723
32058;52.0796;8.6195
32061;52.0796;8.6195
32102;52.0811;8.7531
32105;52.0808;8.7505
32107;52.0613;8.7341
32108;52.0692;8.7598
32120;52.1667;8.6167
32130;52.1406;8.5577
32139;52.1402;8.4847
32255;52.1959;8.5861
32257;52.1984;8.5864
32278;52.2000;8.6333
32289;52.2500;8.4833
32310;52.3032;8.6144
32312;52.3070;8.6142
32337;52.3732;8.6321
32339;52.3825;8.6213
32351;52.4167;8.4500
32361;52.3412;8.5253
32369;52.4337;8.6126
32419;52.3078;8.9629
32420;52.2908;8.9119
32421;52.2890;8.9113
32423;52.2873;8.9243
32425;52.2833;8.9167
32427;52.2946;8.8976
32429;52.2833;8.9167
32455;52.2382;8.9224
32457;52.2296;8.9161
32469;52.3751;8.9654
32479;52.3333;8.7500
32543;52.2018;8.7969
32545;52.1917;8.8093
32547;52.2060;8.8107
32549;52.2473;8.7858
32582;52.2003;8.7264
32584;52.1885;8.6922
32602;52.1388;8.7806
32609;52.2833;8.6667
32655;52.0280;8.9015
32657;52.0279;8.8990
32676;51.9583;9.2471
32683;51.9904;9.1164
32689;52.1222;8.9600
32694;52.0411;9.0028
32699;52.0670;9.1162
32750;51.9331;8.8821
32753;51.9433;8.8627
32754;51.9383;8.8748
32756;51.9360;8.8783
32758;51.9509;8.8658
32760;51.8613;8.8645
32791;51.9922;8.7930
32805;51.8855;8.9624
32816;51.8771;9.1954
32823;51.9349;9.1046
32825;51.9678;9.0473
32832;51.9094;8.7317
32839;51.8707;9.0914
33014;51.7330;9.0197
33034;51.7175;9.1860
33039;51.8050;9.1130
33093;51.7183;8.7527
33094;51.7229;8.7179
33095;51.7183;8.7411
33096;51.7140;8.7411
33098;51.7136;8.7554
33100;51.7273;8.7706
33102;51.7171;8.7417
33104;51.7571;8.7300
33106;51.7327;8.6885
33129;51.7802;8.4840
33142;51.5511;8.5596
33154;51.6717;8.6009
33161;51.8167;8.6500
33165;51.6171;8.8967
33175;51.7833;8.8168
33178;51.6677;8.7228
33181;51.5210;8.6964
33184;51.7645;8.9420
33189;51.8098;8.8461
33311;51.9000;8.3840
33324;51.9050;8.3493
33325;51.9112;8.3966
33326;51.9053;8.3849
33330;51.9074;8.3767
33332;51.9005;8.3837
33334;51.9436;8.4283
33335;51.9316;8.4599
33372;51.8462;8.3112
33373;51.8436;8.3112
33374;51.8563;8.2973
33375;51.8535;8.3096
33378;51.8497;8.3002
33393;51.8082;8.4281
33394;51.8422;8.4428
33395;51.7468;8.3985
33397;51.8092;8.4284
33411;51.8796;8.4794
33413;51.8848;8.4444
33414;51.8848;8.4444
33415;51.8833;8.5167
33426;51.9606;8.2277
33428;51.9622;8.2277
33441;51.8838;8.2198
33442;51.9000;8.2167
33449;51.7721;8.3181
33519;52.0330;8.5330
33547;52.0155;8.5205
33583;52.0158;8.5233
33584;52.0807;8.4988
33591;52.0248;8.5426
33594;52.0298;8.5371
33595;52.0211;8.5337
33596;52.0203;8.5452
33597;52.0217;8.5347
33598;52.0416;8.5852
33600;52.0112;8.5241
33602;52.0245;8.5326
33604;52.0106;8.5493
33605;52.0008;8.5740
33607;52.0284;8.5759
33609;52.0342;8.5553
33611;52.0483;8.5492
33613;52.0440;8.5225
33615;52.0307;8.5133
33617;52.0119;8.5202
33619;52.0333;8.5333
33644;51.9795;8.4784
33645;51.9878;8.4830
33647;51.9900;8.5114
33649;51.9745;8.4686
33659;51.9692;8.5522
33687;51.9534;8.5982
33689;51.9501;8.5793
33699;52.0333;8.5333
33719;52.0107;8.5926
33729;52.0707;8.6002
33739;52.0333;8.5333
33756;51.8964;8.6334
33758;51.9000;8.6167
33769;52.0440;8.1524
33775;52.0401;8.1527
33788;52.0480;8.3737
33790;52.0601;8.3608
33801;52.0189;8.4274
33803;52.0000;8.4000
33813;51.9545;8.6622
33818;52.0125;8.6983
33824;52.0777;8.4179
33829;52.1034;8.3021
34105;51.2999;9.4813
34106;51.3046;9.4325
34108;51.3183;9.4764
34109;51.3230;9.5084
34110;51.3181;9.4988
34111;51.3135;9.4875
34112;51.3156;9.4899
34113;51.3103;9.5322
34114;51.3136;9.4499
34115;51.2745;9.5096
34117;51.3166;9.4912
34119;51.3152;9.4647
34121;51.3056;9.4652
34123;51.2988;9.5297
34125;51.3195;9.5163
34127;51.3355;9.4913
34128;51.3360;9.4457
34130;51.3247;9.4466
34131;51.3173;9.4227
34132;51.3167;9.5000
34134;51.2878;9.4705
34195;51.3362;9.4808
34196;51.3152;9.4931
34197;51.3144;9.4861
34198;51.2760;9.5074
34209;51.1312;9.5506
34212;51.1303;9.5524
34219;51.2609;9.4339
34225;51.2518;9.4075
34233;51.3484;9.5256
34246;51.3581;9.4797
34253;51.2667;9.5333
34260;51.2811;9.6186
34265;51.3165;9.5412
34266;51.3083;9.5669
34270;51.2856;9.2717
34277;51.2667;9.4833
34281;51.1771;9.3675
34286;51.1164;9.6627
34289;51.3695;9.3016
34292;51.3500;9.3833
34295;51.2125;9.4208
34298;51.2598;9.6887
34302;51.2000;9.4833
34305;51.2334;9.3103
34308;51.2333;9.2500
34311;51.2482;9.1657
34314;51.3966;9.4702
34317;51.3285;9.3392
34320;51.2056;9.5778
34323;51.0908;9.5389
34326;51.0500;9.6000
34327;51.1667;9.5167
34329;51.3167;9.6667
34346;51.4151;9.6505
34355;51.3500;9.6333
34359;51.4917;9.6083
34369;51.4961;9.3850
34376;51.4429;9.5231
34379;51.4094;9.4019
34385;51.6426;9.4548
34388;51.5741;9.4209
34393;51.4465;9.4125
34396;51.4970;9.2821
34399;51.5833;9.5667
34414;51.4901;9.1464
34431;51.4617;8.8495
34434;51.5692;9.2411
34439;51.6256;9.0369
34454;51.3798;9.0145
34466;51.3261;9.1702
34471;51.4090;9.1181
34474;51.4878;9.0079
34477;51.3214;8.9548
34479;51.4157;9.1850
34494;51.2731;8.8626
34495;51.2736;8.8695
34497;51.2756;8.8730
34508;51.3000;8.6167
34513;51.2062;9.0629
34516;51.1815;8.8878
34519;51.3667;8.8000
34535;51.1184;9.1094
34537;51.1196;9.1247
34549;51.1590;9.0923
34558;51.1325;9.2796
34560;51.1318;9.2756
34574;51.0303;9.4051
34576;51.0333;9.4000
34582;51.0638;9.2200
34587;51.1376;9.4214
34590;51.1000;9.3500
34593;50.9771;9.4865
34596;51.0500;9.1833
34599;51.0000;9.2167
34613;50.9333;9.2167
34621;50.9707;9.3227
34626;50.8691;9.3465
34628;50.8500;9.2000
34630;50.9500;9.0667
34632;51.0000;9.1500
34633;50.8060;9.3857
34637;50.8333;9.2833
34639;50.9098;9.4466
35031;50.8216;8.7712
35032;50.8102;8.7740
35034;50.8162;8.7722
35035;50.8088;8.7706
35036;50.8246;8.7696
35037;50.8030;8.7625
35039;50.8098;8.7773
35041;50.8165;8.7513
35043;50.7765;8.7645
35066;51.0585;8.7833
35075;50.7685;8.5808
35080;50.7500;8.5000
35083;50.9025;8.7237
35085;50.7260;8.8570
35088;51.0136;8.6473
35091;50.8510;8.7809
35094;50.8619;8.6976
35096;50.7542;8.6958
35099;51.0000;8.7500
35102;50.7333;8.6333
35104;51.1583;8.7958
35107;51.0300;8.6872
35108;51.0333;8.6792
35110;51.0927;8.9345
35112;50.7000;8.7000
35114;51.0278;8.9667
35116;51.0109;8.5866
35117;50.9608;8.7184
35119;50.9744;8.8674
35216;50.9112;8.5302
35232;50.8417;8.5542
35236;50.8873;8.4575
35239;50.8500;8.4833
35260;50.8226;9.0129
35274;50.8272;8.9281
35279;50.8500;9.1167
35282;50.8833;8.9186
35285;50.9667;8.9667
35287;50.7960;8.9233
35288;50.9375;8.9333
35305;50.5940;8.9587
35315;50.7333;9.0000
35321;50.5420;8.9903
35325;50.6284;9.0547
35327;50.5755;9.1927
35329;50.7000;9.0500
35383;50.5741;8.6860
35384;50.5904;8.6772
35385;50.5771;8.6654
35386;50.5815;8.6660
35387;50.5887;8.6794
35388;50.5863;8.6763
35390;50.5849;8.6742
35392;50.5669;8.6538
35394;50.5746;8.7135
35396;50.6165;8.7044
35398;50.5833;8.6500
35402;50.4923;8.6475
35410;50.4737;8.8933
35415;50.5167;8.7000
35418;50.6148;8.7830
35423;50.5208;8.8157
35428;50.5000;8.6667
35435;50.6167;8.6500
35440;50.5374;8.6497
35444;50.6182;8.6017
35447;50.6000;8.8333
35452;50.5833;8.6333
35457;50.6465;8.7049
35460;50.6620;8.7316
35463;50.5500;8.7833
35466;50.6775;8.8643
35469;50.6833;8.8333
35508;48.1449;11.4850
35509;50.4297;8.6887
35510;50.4339;8.6712
35516;50.4563;8.7293
35519;50.4305;8.7369
35573;50.5586;8.4969
35574;50.5513;8.4993
35576;50.5665;8.5247
35578;50.5455;8.5050
35579;50.5500;8.5000
35580;50.5500;8.5000
35581;50.5500;8.5000
35582;50.5500;8.5000
35583;50.5500;8.5000
35584;50.5500;8.5000
35585;50.5500;8.5000
35586;50.5500;8.5000
35606;50.5362;8.4070
35614;50.5916;8.4627
35619;50.5033;8.3892
35625;50.5210;8.5758
35630;50.6000;8.3833
35633;50.5833;8.5667
35638;50.5513;8.3584
35641;50.4935;8.4718
35644;50.6689;8.4896
35647;50.4167;8.5167
35649;50.7000;8.4500
35683;50.7369;8.2873
35684;50.7333;8.2833
35685;50.7333;8.2833
35686;50.7333;8.2833
35687;50.7333;8.2833
35688;50.7333;8.2833
35689;50.7333;8.2833
35690;50.7333;8.2833
35708;50.7416;8.2078
35713;50.8083;8.3583
35716;50.8333;8.3167
35719;50.8063;8.4164
35745;50.6814;8.3037
35753;50.6167;8.3000
35756;50.7000;8.3833
35759;50.6333;8.1833
35764;50.6500;8.3333
35767;50.6851;8.1912
35768;50.7390;8.4179
35779;50.4874;8.2653
35781;50.4844;8.2625
35789;50.4314;8.3767
35792;50.5130;8.2720
35794;50.5639;8.1555
35796;50.4384;8.2913
35799;50.5071;8.1919
36028;50.5478;9.6760
36030;50.5522;9.6722
36035;50.5482;9.6815
36036;50.5458;9.6744
36037;50.5518;9.6833
36039;50.5732;9.6824
36041;50.5569;9.6431
36043;50.5345;9.6922
36047;50.4834;9.7171
36084;50.6746;9.7648
36085;50.6736;9.7659
36086;50.6698;9.7652
36088;50.6797;9.7673
36093;50.5442;9.7179
36100;50.5619;9.7131
36103;50.4239;9.5666
36110;50.6742;9.5610
36115;50.5327;10.0000
36119;50.4531;9.6175
36124;50.4954;9.6967
36129;50.4514;9.9142
36132;50.7667;9.8000
36137;50.5925;9.5423
36142;50.6428;10.0238
36145;50.5863;9.8353
36148;50.4045;9.6826
36151;50.6968;9.7245
36154;50.5050;9.4797
36157;50.4554;9.7863
36160;50.5433;9.7959
36163;50.4879;9.8680
36166;50.7667;9.6667
36167;50.6333;9.8500
36169;50.7167;9.9000
36179;50.9745;9.7956
36199;50.9956;9.7284
36205;51.0717;9.9356
36208;50.9500;9.9833
36211;51.0333;9.6667
36214;51.0167;9.9333
36217;50.9500;9.8500
36219;51.0416;9.8605
36242;50.8461;9.6781
36244;50.8552;9.7050
36246;50.8743;9.7123
36247;50.8687;9.7095
36248;50.8461;9.6781
36249;50.8461;9.6781
36251;50.9000;9.7667
36266;50.8833;9.9873
36269;50.8460;9.9795
36272;50.8000;9.6000
36275;50.8333;9.5667
36277;50.8167;9.8500
36280;50.8500;9.4667
36282;50.8167;9.7333
36284;50.8000;9.9000
36286;50.9333;9.5500
36287;50.7752;9.5160
36289;50.8833;9.8667
36304;50.7518;9.2708
36318;50.6833;9.3000
36320;50.7694;9.1039
36323;50.7424;9.4731
36325;50.6500;9.1667
36326;50.7667;9.1833
36329;50.7134;9.2201
36338;50.6425;9.3926
36339;50.6375;9.3968
36341;50.6356;9.3978
36355;50.4892;9.3386
36358;50.5360;9.3874
36364;50.6239;9.5082
36367;50.6167;9.4500
36369;50.5833;9.2833
36380;49.8869;8.6514
36381;50.3655;9.5829
36391;50.3127;9.6234
36396;50.3140;9.4633
36399;50.4251;9.4027
36404;50.8000;10.0500
36414;50.8167;9.9833
36419;50.7000;9.9528
36433;50.8167;10.2781
36448;50.8250;10.3512
36452;50.6667;10.1247
36456;50.8000;10.3000
36457;50.7667;10.1500
36460;50.8347;10.1175
36466;50.7138;10.1667
36469;50.8395;10.1660
37069;51.5252;9.9482
37070;51.5384;9.9301
37073;51.5364;9.9390
37075;51.5509;9.9328
37077;51.5604;9.9319
37079;51.5333;9.9333
37081;51.5335;9.8993
37083;51.5130;9.9535
37085;51.5333;9.9333
37096;51.5632;9.9232
37097;51.5376;9.9245
37099;51.5505;9.9423
37100;51.5194;9.8909
37115;51.5131;10.2595
37120;51.5884;9.9222
37124;51.5000;9.9000
37127;51.4833;9.7333
37130;51.4667;10.0333
37133;51.4192;9.9176
37136;51.5564;10.1063
37139;51.5827;9.7546
37154;51.7066;10.0000
37170;51.6569;9.6350
37176;51.6288;9.9359
37181;51.6523;9.8305
37186;51.6992;9.8711
37191;51.6833;10.1000
37194;51.6404;9.5917
37197;51.6482;10.2386
37199;51.6600;10.1744
37213;51.3334;9.8580
37214;51.3333;9.8667
37215;51.3333;9.8667
37216;51.3333;9.8667
37217;51.3333;9.8667
37218;51.3333;9.8667
37235;51.1995;9.7186
37242;51.2709;9.9748
37247;51.2586;9.7845
37249;51.3833;9.8833
37267;51.1887;10.0518
37269;51.1839;10.0533
37276;51.2167;10.0667
37281;51.1821;10.1728
37284;51.1384;9.9432
37287;51.1500;10.0000
37290;51.2000;9.9333
37293;51.0063;10.1673
37296;51.0833;10.0667
37297;51.2333;9.9167
37299;51.1251;10.1160
37308;51.3319;10.1500
37318;51.3333;10.0333
37327;51.3880;10.3383
37339;51.4499;10.3433
37345;51.5255;10.4219
37351;51.3153;10.3174
37355;51.3722;10.4744
37359;51.2597;10.2500
37412;51.6592;10.2837
37431;51.6327;10.4703
37434;51.5833;10.2167
37441;51.5950;10.5555
37444;51.7100;10.5187
37445;51.5833;10.6167
37447;51.6340;10.5870
37449;51.6333;10.6333
37520;51.7269;10.2509
37534;51.7700;10.1878
37539;51.8167;10.2333
37547;51.8536;9.9648
37568;51.8181;9.8373
37571;51.8181;9.8373
37572;51.8138;9.8822
37574;51.8202;9.8696
37581;51.8717;10.0254
37586;51.8018;9.6890
37589;51.8000;10.0333
37601;51.8253;9.4531
37603;51.8280;9.4455
37619;51.9716;9.5037
37620;51.9912;9.5653
37627;51.8667;9.6333
37632;51.9266;9.6667
37633;51.9706;9.6067
37635;51.9527;9.6245
37639;51.8583;9.4941
37640;51.9000;9.5500
37642;51.9167;9.5833
37643;51.8833;9.5667
37647;51.9167;9.4039
37649;51.8833;9.4333
37669;51.7783;9.3876
37671;51.7750;9.3816
37688;51.6680;9.3742
37691;51.7500;9.4320
37696;51.8333;9.2167
37697;51.6594;9.3871
37699;51.7333;9.4000
38023;52.2550;10.5410
38083;52.2699;10.5312
38084;52.2545;10.5066
38089;52.2969;10.5168
38090;52.2518;10.5184
38091;52.2554;10.5347
38092;52.2806;10.5359
38093;52.3031;10.5146
38094;52.3031;10.5146
38096;52.2497;10.5174
38097;52.2518;10.5184
38098;52.2518;10.5184
38100;52.2647;10.5233
38102;52.2575;10.5365
38104;52.2835;10.5822
38106;52.2789;10.5427
38108;52.3015;10.5688
38110;52.3280;10.4761
38112;52.3022;10.4979
38114;52.2764;10.5127
38116;52.2667;10.5333
38118;52.2590;10.5002
38120;52.2546;10.4879
38122;52.2240;10.4989
38124;52.2258;10.5271
38126;52.2443;10.5594
38140;52.3182;10.4775
38142;52.3153;10.5098
38143;52.2577;10.5346
38144;52.3145;10.5486
38154;52.2512;10.8168
38159;52.2604;10.3649
38162;52.2500;10.6500
38165;52.3333;10.6667
38170;52.1333;10.7688
38173;52.2048;10.6833
38176;52.3296;10.3926
38179;52.3481;10.4463
38223;52.1610;10.4312
38226;52.1581;10.3761
38228;52.1444;10.3000
38229;52.1250;10.3667
38236;52.1431;10.4132
38237;52.1441;10.4182
38239;52.1778;10.4122
38259;52.0619;10.4094
38268;52.2049;10.3078
38271;52.0833;10.2333
38272;52.1443;10.2176
38274;52.0833;10.2833
38275;52.0541;10.3282
38277;52.0667;10.2500
38279;52.0389;10.2657
38281;52.1590;10.5350
38296;52.1670;10.5467
38299;52.1630;10.5354
38300;52.1578;10.5579
38302;52.1661;10.5514
38304;52.1424;10.5484
38312;52.0833;10.5628
38315;52.0362;10.5397
38319;52.1137;10.6741
38321;52.1500;10.6083
38322;52.0667;10.6833
38324;52.1096;10.5900
38325;52.0666;10.7409
38327;52.0937;10.6969
38329;52.1297;10.6400
38346;52.2229;11.0190
38350;52.2279;11.0098
38364;52.1380;10.9674
38367;52.3013;11.0131
38368;52.3064;10.9837
38372;52.1704;11.0188
38373;52.2281;10.9154
38375;52.1960;10.8787
38376;52.2507;10.9101
38378;52.1812;10.9197
38379;52.1910;10.9388
38381;52.0817;10.8984
38382;52.0741;10.8581
38384;52.0766;10.8222
38385;52.1066;10.8734
38387;52.0898;10.9252
38388;52.1248;10.9168
38432;52.4280;10.7927
38433;52.4358;10.8612
38435;52.4301;10.7917
38436;52.4259;10.7974
38438;52.4259;10.7974
38439;52.4269;10.7922
38440;52.4239;10.7812
38442;52.4204;10.7188
38444;52.4003;10.7531
38446;52.3808;10.8285
38448;52.4231;10.8224
38458;52.4080;10.9364
38459;52.3859;11.0004
38461;52.4247;10.9129
38462;52.4448;10.9451
38464;52.3736;10.9193
38465;52.6002;10.9375
38467;52.5440;10.8451
38468;52.5667;10.8000
38470;52.5347;10.8902
38471;52.4856;10.8864
38473;52.5167;10.8000
38474;52.5758;10.8782
38476;52.5219;10.7749
38477;52.5000;10.7667
38479;52.4705;10.7407
38486;52.6122;11.0815
38489;52.6861;11.0100
38516;52.4883;10.5451
38518;52.4777;10.5511
38524;52.5167;10.6333
38526;52.3813;10.5388
38527;52.3849;10.5393
38528;52.3798;10.4508
38530;52.3804;10.4029
38531;52.4167;10.5333
38533;52.3652;10.5204
38536;52.4744;10.3525
38539;52.5333;10.3667
38542;52.4395;10.4346
38543;52.4167;10.4000
38547;52.4207;10.6233
38550;52.4333;10.5833
38551;52.4344;10.5100
38553;52.4133;10.5936
38554;52.4621;10.7170
38556;52.5000;10.7167
38557;52.4693;10.6801
38559;52.5523;10.5234
38640;51.9191;10.4319
38642;51.9082;10.4751
38644;51.9547;10.4167
38667;51.8995;10.5600
38678;51.8095;10.3382
38685;51.9238;10.3866
38690;51.9524;10.5637
38700;51.7265;10.6109
38704;52.0218;10.4317
38707;51.8333;10.4415
38709;51.8281;10.2815
38717;51.8787;10.1550
38723;51.8910;10.1785
38729;51.9894;10.2667
38817;51.8953;11.0594
38820;51.8956;11.0562
38822;51.9360;10.9496
38828;51.8838;11.1735
38829;51.8667;11.1000
38832;51.9660;10.6992
38835;51.9832;10.7173
38836;52.0119;10.8999
38838;51.9969;10.9973
38845;51.8442;10.7661
38855;51.8924;10.8041
38871;51.9011;10.7310
38875;51.7434;10.7224
38877;51.6682;10.7172
38879;51.7639;10.6621
38889;51.7688;10.9551
38895;51.8645;10.9882
38899;51.6871;10.8537
38999;52.2368;10.4916
39014;52.0820;11.5860
39081;52.1734;11.6705
39082;52.1200;11.6320
39083;52.1273;11.6333
39084;52.1435;11.6402
39085;52.1375;11.6486
39087;52.1569;11.5821
39088;52.1329;11.6213
39091;52.1155;11.6113
39092;52.1533;11.6324
39093;52.1318;11.6391
39094;52.1262;11.6342
39097;52.1012;11.6200
39098;52.1518;11.6385
39099;52.1391;11.6413
39104;52.1243;11.6322
39106;52.1469;11.6498
39108;52.1333;11.6167
39110;52.1263;11.6011
39112;52.1104;11.6011
39114;52.1333;11.6167
39116;52.0819;11.5861
39118;52.1333;11.6167
39120;52.0816;11.6212
39122;52.0891;11.6586
39124;52.1638;11.6333
39126;52.1805;11.6504
39128;52.1624;11.6165
39130;52.1561;11.5789
39148;52.0519;11.5935
39149;52.0519;11.5935
39157;52.1288;11.6304
39164;52.0700;11.4376
39167;52.1452;11.4411
39171;52.0167;11.5500
39175;52.1500;11.7636
39178;52.1969;11.5988
39179;52.1944;11.5889
39217;52.0183;11.7240
39218;52.0183;11.7240
39221;51.9743;11.7097
39240;51.9067;11.8819
39245;52.0704;11.8268
39249;51.9769;11.8477
39258;51.9613;12.0840
39261;51.9662;12.0852
39264;52.0109;12.0845
39279;52.0958;12.0411
39288;52.2667;11.8631
39291;52.2155;11.9144
39307;52.3793;12.1842
39317;52.3833;12.0167
39319;52.5000;12.0761
39326;52.2486;11.5889
39340;52.3006;11.4303
39343;52.2219;11.2634
39345;52.3308;11.4626
39356;52.3157;11.1036
39359;52.3955;11.2000
39365;52.1480;11.2103
39387;52.0556;11.2290
39393;52.0905;11.0722
39397;51.9500;11.2160
39398;52.0042;11.3218
39400;52.0519;11.5935
39418;51.8519;11.5851
39434;51.8500;11.5333
39435;51.9328;11.4731
39439;51.7964;11.6125
39443;51.8972;11.6547
39444;51.8470;11.5342
39446;51.8761;11.5397
39448;51.9633;11.3927
39517;52.4148;11.8391
39524;52.7263;12.0681
39539;52.8309;12.0755
39576;52.6069;11.8587
39579;52.6180;11.7667
39590;52.5809;11.9765
39596;52.6972;11.9289
39599;52.5619;11.6586
39606;52.7907;11.6554
39615;52.8887;11.6980
39619;52.8667;11.4824
39624;52.7042;11.4290
39629;52.6344;11.5667
39638;52.5311;11.3952
39646;52.4342;10.9879
39649;52.5092;11.1800
40180;51.2362;6.8199
40181;51.2368;6.8053
40182;51.2515;6.7649
40186;51.1941;6.7057
40187;51.2176;6.7787
40188;51.2174;6.7705
40189;51.2217;6.7782
40190;51.2156;6.7659
40191;51.1756;6.8394
40192;51.2533;6.7766
40193;51.2445;6.7777
40194;51.2176;6.7787
40195;51.1960;6.8122
40196;51.2338;6.6991
40198;51.2393;6.7846
40199;51.2132;6.7625
40202;51.2362;6.8209
40204;51.1930;6.7952
40210;51.2216;6.7897
40211;51.2278;6.7861
40212;51.2230;6.7827
40213;51.2249;6.7743
40215;51.2165;6.7836
40217;51.2157;6.7767
40219;51.2125;6.7637
40221;51.2002;6.7564
40223;51.1998;6.7727
40225;51.2055;6.7885
40227;51.2117;6.8071
40229;51.1984;6.8415
40231;51.2170;6.8254
40233;51.2214;6.8116
40235;51.2301;6.8216
40237;51.2352;6.8191
40239;51.2167;6.7667
40250;51.1238;6.9326
40251;51.1218;6.9349
40252;51.2273;6.7076
40260;51.1023;6.8872
40300;51.2415;6.7389
40302;51.2533;6.7766
40340;51.2533;6.7766
40463;51.2730;6.7666
40464;51.2499;6.8007
40466;51.2895;6.7966
40467;51.2545;6.7864
40468;51.2561;6.7808
40470;51.2517;6.8143
40472;51.2686;6.8100
40474;51.2696;6.7480
40476;51.2465;6.7855
40477;51.2371;6.7795
40479;51.2167;6.7667
40489;51.2167;6.7667
40541;51.2414;6.7213
40542;51.2281;6.7166
40543;51.2327;6.7145
40545;51.2167;6.7667
40547;51.2429;6.7428
40549;51.2302;6.7135
40589;51.1668;6.8253
40591;51.1953;6.8324
40593;51.2167;6.7667
40595;51.2167;6.7667
40597;51.1659;6.8773
40599;51.1809;6.8598
40625;51.2322;6.8567
40627;51.2167;6.7667
40629;51.2596;6.8898
40667;51.2503;6.6899
40668;51.3042;6.6718
40670;51.2734;6.6484
40699;51.2223;6.9083
40718;51.1648;6.9307
40721;51.1694;6.9253
40723;51.1578;6.9390
40724;51.1803;6.9472
40764;51.1082;6.9483
40786;51.0896;6.8941
40789;51.0997;6.9000
40815;51.2536;6.9514
40816;51.2561;6.9857
40822;51.2504;6.9754
40832;51.3000;6.8500
40842;51.2902;6.8656
40878;51.2922;6.8485
40880;51.3000;6.8500
40882;51.2984;6.8585
40883;51.3000;6.8500
40885;51.3394;6.8528
41050;51.1905;6.4388
41052;51.1953;6.4241
41054;51.1951;6.4489
41061;51.1958;6.4387
41063;51.2000;6.4333
41065;51.1911;6.4467
41066;51.2249;6.4838
41068;51.1977;6.3911
41069;51.1768;6.4021
41169;51.2000;6.4333
41179;51.1723;6.3414
41189;51.1390;6.4102
41199;51.1290;6.4386
41200;51.1125;6.4381
41236;51.1666;6.4427
41238;51.1514;6.4703
41239;51.1604;6.4172
41260;51.1178;6.4405
41261;51.1652;6.7618
41334;51.3246;6.2329
41352;51.1914;6.5135
41363;51.1000;6.5000
41366;51.2167;6.2667
41372;51.2108;6.1775
41379;51.2405;6.1838
41424;51.2033;6.7129
41452;51.0343;6.2557
41453;51.1974;6.7150
41455;51.2037;6.7076
41456;51.1964;6.6939
41457;51.1568;6.7454
41460;51.2014;6.6944
41462;51.2154;6.6631
41464;51.1843;6.6821
41466;51.1682;6.6847
41468;51.1646;6.7519
41469;51.1576;6.7328
41470;51.2000;6.6833
41472;51.2000;6.6833
41513;51.0872;6.5945
41515;51.0904;6.6067
41516;51.1292;6.6245
41517;51.0833;6.5833
41538;51.0853;6.8173
41539;51.0964;6.8400
41540;51.0923;6.8114
41541;51.1270;6.8068
41542;51.1130;6.7752
41561;51.2220;6.6037
41564;51.2293;6.6188
41569;51.0333;6.6833
41747;51.2556;6.3917
41748;51.2500;6.3833
41749;51.2852;6.3871
41751;51.2500;6.3833
41812;51.0795;6.3153
41833;51.0343;6.2557
41836;51.0555;6.2266
41844;51.1422;6.2844
41849;51.1001;6.1548
42093;51.2140;7.0579
42094;51.2514;7.1586
42095;51.2534;7.1284
42096;51.2493;7.1168
42097;51.2565;7.1471
42098;51.2541;7.1543
42099;51.2541;7.1543
42101;51.2561;7.1613
42103;51.2569;7.1505
42105;51.2649;7.1307
42107;51.2619;7.1513
42109;51.2765;7.1559
42111;51.2667;7.1833
42113;51.2678;7.1285
42115;51.2497;7.1030
42117;51.2498;7.1239
42119;51.2441;7.1661
42266;51.2438;7.1839
42268;51.2623;7.1704
42269;51.2719;7.2001
42270;51.2733;7.1996
42271;51.2692;7.1875
42272;51.2694;7.1697
42273;51.2858;7.2253
42275;51.2718;7.2040
42277;51.2742;7.2203
42279;51.3077;7.2522
42281;51.2878;7.1940
42283;51.2699;7.1838
42285;51.2590;7.1695
42287;51.2432;7.2066
42289;51.2667;7.1833
42300;51.2220;6.7930
42327;51.2424;7.0600
42329;51.2221;7.0639
42337;51.2105;7.1436
42347;51.2525;7.1338
42349;51.2160;7.1418
42369;51.2298;7.2020
42387;51.2824;7.2645
42389;51.2732;7.2350
42399;51.2667;7.1833
42409;51.2140;7.0579
42477;51.2022;7.3603
42489;51.2820;7.0382
42499;51.1498;7.3447
42547;51.3386;7.0430
42549;51.3336;7.0270
42551;51.3434;7.0594
42553;51.3005;7.0914
42555;51.3515;7.1302
42577;51.3246;6.9561
42579;51.3266;6.9711
42645;51.1629;7.0863
42648;51.1730;7.0841
42649;51.1696;7.0456
42651;51.1728;7.0940
42653;51.1878;7.0785
42655;51.1760;7.0653
42657;51.1532;7.0595
42659;51.1595;7.1036
42697;51.1611;7.0016
42699;51.1560;7.0152
42715;51.1921;7.0625
42717;51.1945;7.0682
42719;51.1825;7.0454
42781;51.1938;7.0133
42799;51.1063;7.0187
42849;51.1813;7.1868
42850;51.1708;7.2111
42853;51.1802;7.1872
42855;51.1807;7.2066
42857;51.1775;7.1661
42859;51.1833;7.2000
42895;51.1833;7.2555
42897;51.1833;7.2556
42899;51.2201;7.2407
42926;51.1445;7.2226
42929;51.1397;7.2158
44111;51.5195;7.4577
44112;51.5195;7.4577
44113;51.5195;7.4577
44115;51.5157;7.4783
44116;51.5202;7.4590
44117;51.5085;7.4697
44118;51.5018;7.4676
44119;51.5018;7.4676
44120;51.4988;7.4759
44121;51.4975;7.4639
44122;51.5117;7.4675
44123;51.5085;7.4575
44124;51.4995;7.4792
44125;51.5122;7.4335
44126;51.5060;7.4690
44127;51.5100;7.4802
44128;51.5110;7.4626
44129;51.5142;7.4577
44130;51.5101;7.4616
44131;51.5101;7.4616
44133;51.5060;7.4701
44135;51.5125;7.4770
44137;51.5097;7.4601
44139;51.4995;7.4717
44141;51.5044;7.4998
44143;51.5208;7.5184
44145;51.5290;7.4802
44147;51.5198;7.4378
44149;51.5005;7.4063
44221;51.4844;7.4140
44222;51.4926;7.4164
44225;51.4759;7.4434
44227;51.4440;7.4546
44229;51.4455;7.4642
44261;51.4969;7.4980
44263;51.4847;7.4996
44265;51.4610;7.4837
44267;51.4690;7.5154
44269;51.4856;7.5366
44280;51.5025;7.5694
44285;51.5025;7.5694
44287;51.4996;7.5495
44289;51.5161;7.4683
44309;51.5251;7.5475
44319;51.5301;7.5972
44328;51.5530;7.5385
44329;51.5161;7.4683
44339;51.5607;7.4657
44357;51.5161;7.4683
44359;51.5724;7.3892
44369;51.5287;7.4137
44379;51.5250;7.3676
44388;51.5010;7.3371
44401;51.5031;7.4966
44402;51.5176;7.4651
44530;51.6143;7.5196
44532;51.6067;7.5241
44534;51.6189;7.5222
44536;51.5993;7.4681
44573;51.5653;7.3108
44575;51.5500;7.3167
44577;51.5500;7.3167
44579;51.5500;7.3167
44581;51.5500;7.3167
44621;51.5380;7.2220
44623;51.5426;7.2190
44625;51.5324;7.2060
44627;51.5500;7.2167
44628;51.5500;7.2167
44629;51.5493;7.2149
44647;51.5377;7.1664
44649;51.5329;7.1611
44651;51.5500;7.2167
44652;51.5312;7.1704
44653;51.5448;7.1691
44771;51.4727;7.2252
44772;51.5156;7.2081
44773;51.4618;7.2338
44774;51.4709;7.2195
44775;51.4707;7.2706
44776;51.4782;7.2283
44778;51.4470;7.2278
44779;51.4470;7.2278
44780;51.4459;7.2604
44781;51.4714;7.2149
44782;51.4805;7.2216
44784;51.4694;7.2634
44785;51.4727;7.2252
44787;51.4803;7.2183
44789;51.4661;7.2491
44791;51.4900;7.2493
44793;51.4822;7.1868
44795;51.4501;7.1984
44797;51.4285;7.2424
44799;51.4509;7.2388
44801;51.4833;7.2167
44803;51.4637;7.2446
44805;51.5180;7.2722
44807;51.5156;7.2118
44809;51.4997;7.1944
44863;51.4749;7.1517
44866;51.4808;7.1486
44867;51.4645;7.1418
44869;51.4658;7.1572
44879;51.4271;7.1543
44892;51.4745;7.3110
44894;51.4925;7.3106
45058;51.4864;7.0322
45060;51.4534;7.0183
45061;51.4620;6.9283
45062;51.4536;7.0103
45063;51.4619;6.9942
45064;51.4674;7.0238
45091;51.4534;7.0183
45092;51.4585;7.0593
45093;51.4534;7.0183
45095;51.4534;7.0183
45097;51.4568;6.9896
45098;51.4597;7.0036
45099;51.4589;7.0197
45102;51.4714;7.2149
45113;51.4542;7.0161
45114;51.4169;6.9795
45115;51.4534;7.0183
45116;51.4548;7.0099
45117;51.4473;7.0068
45119;51.4169;6.9795
45120;51.4729;7.0269
45121;51.4576;7.0175
45122;51.4362;6.9898
45123;51.4616;7.0036
45124;51.4481;7.0231
45125;51.4505;7.0130
45126;51.4520;7.0121
45127;51.4535;7.0102
45128;51.4457;7.0103
45130;51.4340;7.0161
45131;51.4273;6.9967
45133;51.4112;6.9931
45134;51.4232;7.0298
45136;51.4353;7.0352
45138;51.4470;7.0381
45139;51.4602;7.0439
45141;51.4705;7.0221
45143;51.4631;6.9741
45144;51.4500;7.0167
45145;51.4490;6.9734
45147;51.4408;6.9863
45149;51.4209;6.9708
45195;50.7156;7.1305
45196;50.7156;7.1305
45219;51.4500;7.0167
45239;51.3806;7.0169
45257;51.3935;7.0825
45259;51.4500;7.0167
45276;51.4467;7.0821
45277;51.4500;7.0167
45279;51.4500;7.0167
45289;51.4159;7.1215
45307;51.4614;7.0785
45309;51.4804;7.0714
45326;51.4844;7.0050
45327;51.4992;7.0488
45329;51.5032;7.0073
45355;51.4698;6.9517
45356;51.4824;6.9748
45357;51.4918;6.9402
45359;51.4681;6.9174
45365;51.5002;6.9865
45403;51.4333;6.8833
45466;51.4348;6.8810
45468;51.4268;6.8806
45470;51.4194;6.8937
45472;51.4374;6.9566
45473;51.4421;6.8982
45475;51.4587;6.8885
45476;51.4490;6.8612
45478;51.4326;6.8216
45479;51.4220;6.8566
45481;51.4004;6.8773
45523;51.4007;7.1799
45525;51.3954;7.1779
45527;51.4000;7.1667
45529;51.4000;7.1667
45549;51.3467;7.2434
45630;51.6184;7.2035
45655;51.6141;7.1949
45657;51.6132;7.1956
45659;51.6007;7.1927
45661;51.6167;7.2000
45663;51.5794;7.2158
45665;51.6017;7.2183
45697;51.5936;7.1310
45699;51.5964;7.1439
45701;51.5996;7.0962
45711;51.6560;7.3453
45721;51.7287;7.1666
45729;51.6182;7.4196
45731;51.6213;7.4024
45739;51.6420;7.2645
45765;51.6623;7.0975
45768;51.6484;7.0845
45770;51.6566;7.1101
45772;51.6744;7.1343
45801;51.5129;7.0915
45833;51.2171;6.8042
45835;51.5109;7.0913
45875;51.5086;7.1076
45876;51.6076;7.0465
45877;51.5757;7.0571
45879;51.5087;7.0968
45881;51.5213;7.0747
45883;51.5221;7.0575
45884;51.4866;7.0835
45886;51.4967;7.1136
45888;51.5185;7.1222
45889;51.5305;7.1143
45891;51.5592;7.0841
45892;51.5748;7.1165
45894;51.5790;7.0579
45896;51.6071;7.0488
45897;51.5717;7.0471
45899;51.5330;7.0234
45964;51.5713;6.9827
45966;51.5842;6.9746
45968;51.5566;7.0025
46020;51.4803;6.8641
46040;51.4803;6.8641
46042;51.4737;6.8603
46045;51.4706;6.8568
46047;51.4834;6.8798
46049;51.4773;6.8413
46117;51.5005;6.8859
46119;51.4667;6.8500
46142;51.5154;6.8495
46145;51.5256;6.8517
46147;51.5355;6.8116
46149;51.5175;6.8332
46236;51.5232;6.9253
46238;51.5303;6.9681
46240;51.5167;6.9167
46242;51.5214;6.9071
46244;51.6061;6.9154
46282;51.6566;6.9657
46284;51.6812;6.9630
46286;51.7377;7.0067
46322;51.8470;6.8597
46325;51.8438;6.8577
46342;51.8945;6.9881
46348;51.7667;6.8500
46354;51.9333;6.8667
46359;51.8333;6.9333
46393;51.8349;6.6148
46395;51.8208;6.6063
46397;51.8413;6.6242
46399;51.8453;6.6035
46414;51.8354;6.6960
46419;51.8323;6.4643
46444;51.8318;6.2467
46446;51.8393;6.2479
46459;51.8097;6.4004
46480;51.6668;6.6088
46482;51.6634;6.6963
46483;51.6669;6.6204
46485;51.6637;6.6824
46487;51.6833;6.5762
46499;51.7326;6.5903
46509;51.6588;6.4530
46514;51.6833;6.8667
46519;51.5833;6.5167
46535;51.5590;6.7357
46537;51.5774;6.7465
46539;51.5675;6.7625
46562;51.6251;6.6525
46569;51.6500;6.7833
47044;51.4394;6.7844
47048;51.4286;6.7995
47049;51.4310;6.7593
47050;51.4396;6.7631
47051;51.4294;6.7744
47053;51.4216;6.7553
47055;51.4034;6.7703
47057;51.4216;6.7957
47058;51.4346;6.7858
47059;51.4375;6.7428
47118;51.4530;6.7334
47119;51.4632;6.7328
47137;51.4680;6.7715
47138;51.4333;6.7500
47139;51.4784;6.7334
47161;51.4915;6.7421
47163;51.5193;6.7657
47166;51.4913;6.7741
47167;51.5070;6.7963
47169;51.5044;6.7538
47178;51.4333;6.7500
47179;51.4333;6.7500
47198;51.4499;6.6901
47199;51.4333;6.7500
47226;51.4076;6.7215
47228;51.4134;6.6963
47229;51.3910;6.7071
47239;51.3926;6.6564
47249;51.3831;6.7521
47259;51.3614;6.7246
47269;51.3601;6.7793
47279;51.3929;6.7981
47299;51.4299;6.6924
47300;51.4789;6.7942
47303;51.4314;6.7633
47305;51.4321;6.7757
47439;51.4535;6.6304
47441;51.4463;6.6396
47443;51.4542;6.6679
47445;51.4500;6.6500
47447;51.4500;6.6500
47475;51.5047;6.5459
47493;51.5437;6.5969
47495;51.5465;6.5952
47504;51.4440;6.5684
47506;51.4500;6.5500
47509;51.4667;6.4667
47526;51.2511;6.7961
47533;51.7883;6.1386
47546;51.7391;6.2910
47551;51.7667;6.1667
47559;51.7833;6.0167
47574;51.6787;6.1590
47589;51.6652;6.2737
47608;51.5191;6.3236
47623;51.5829;6.2414
47624;51.5833;6.2500
47625;51.5833;6.2500
47626;51.5833;6.2500
47627;51.5833;6.2500
47638;51.4419;6.2664
47647;51.4500;6.3667
47652;51.6268;6.1979
47661;51.5333;6.4333
47665;51.6074;6.3792
47669;51.3974;6.2919
47789;54.7684;9.4416
47791;51.2920;6.5199
47792;51.3350;6.5516
47795;51.3209;6.5661
47796;51.3286;6.5737
47798;51.3311;6.5616
47799;51.3319;6.5717
47800;51.3428;6.5951
47802;51.3333;6.5683
47803;51.3516;6.5496
47804;51.3037;6.5032
47805;51.3251;6.5805
47807;51.3040;6.5899
47809;51.3281;6.6160
47829;51.3553;6.6366
47839;51.3755;6.5091
47875;51.2498;6.4778
47877;51.2637;6.5473
47904;51.3629;6.4294
47906;51.3643;6.4186
47918;51.3209;6.4941
47929;51.3363;6.3407
48079;51.9600;7.6310
48084;51.9056;7.6518
48108;51.9873;7.6339
48119;51.9533;7.6195
48121;51.9312;7.5913
48122;51.9543;7.6312
48123;51.9551;7.6308
48124;51.9484;7.6408
48125;51.9780;7.6375
48126;51.9491;7.6143
48127;51.9611;7.6292
48128;51.9612;7.6250
48129;51.9612;7.6007
48130;51.9592;7.6136
48131;51.9911;7.6207
48132;51.9241;7.5620
48133;51.9625;7.6359
48134;51.9615;7.6365
48135;51.9597;7.6304
48136;51.9499;7.6326
48137;51.9391;7.6241
48138;51.9347;7.6526
48139;51.9644;7.6285
48140;52.1370;7.5579
48141;51.9671;7.6348
48143;51.9597;7.6314
48145;51.9667;7.6333
48147;51.9858;7.6480
48149;51.9716;7.6068
48151;51.9510;7.6181
48153;51.9268;7.6313
48155;51.9597;7.6349
48157;52.0003;7.6893
48159;51.9915;7.6124
48161;51.9471;7.5446
48163;51.9176;7.5725
48165;51.9030;7.6395
48167;51.9162;7.7108
48172;51.9592;7.6352
48229;51.9736;7.9915
48231;51.9511;7.9876
48249;51.8315;7.2808
48268;52.0936;7.5940
48282;52.1734;7.5278
48291;51.9800;7.7829
48301;51.9333;7.3500
48308;51.8564;7.4833
48317;51.7953;7.7382
48324;51.8559;7.7884
48329;51.9833;7.4167
48336;51.9922;8.0407
48341;52.0500;7.4667
48346;52.0402;7.8423
48351;51.9259;7.8469
48356;52.0833;7.4833
48361;51.9291;8.1112
48366;52.0556;7.3577
48369;52.1737;7.6340
48416;52.2694;7.4164
48427;52.2776;7.4467
48429;52.2868;7.4437
48431;52.2772;7.4320
48432;52.2672;7.4443
48455;52.3007;7.1576
48465;52.3228;7.2218
48477;52.2976;7.5838
48480;52.4000;7.4667
48485;52.2447;7.3718
48488;52.4000;7.3000
48493;52.2094;7.3190
48496;52.3817;7.6016
48499;52.3256;7.4305
48522;52.4329;7.0653
48525;52.4325;7.0611
48527;52.4491;7.0518
48529;52.4149;7.0766
48531;52.4517;7.1065
48563;52.1499;7.3352
48565;52.1504;7.3366
48596;52.2082;7.0580
48599;52.2012;7.0409
48607;52.2080;7.1899
48612;52.0810;7.3054
48619;52.1167;7.1000
48624;52.1000;7.2333
48629;52.1443;7.2127
48649;51.9491;7.1677
48651;51.9431;7.1687
48653;51.9435;7.1681
48681;52.0769;7.0079
48683;52.0920;6.9739
48691;52.0379;6.8280
48702;51.9914;6.9166
48703;51.9940;6.9192
48712;51.9540;7.0048
48720;52.0167;7.2167
48727;51.9783;7.2926
48734;51.8324;7.0347
48739;52.0333;7.1000
49068;52.2675;8.0464
49070;52.2659;8.0171
49074;52.2738;8.0521
49076;52.2832;7.9485
49078;52.2651;8.0096
49080;52.2491;8.0367
49082;52.2440;8.0613
49084;52.2667;8.0725
49086;52.2887;8.0892
49088;52.2667;8.0500
49090;52.2983;8.0131
49101;52.2649;8.0597
49124;52.2030;8.0448
49134;52.3500;8.0167
49143;52.2333;8.1667
49152;52.3175;8.4130
49163;52.3667;8.3167
49170;52.2094;7.9206
49176;52.1644;8.1468
49179;52.3500;8.2333
49186;52.1549;8.0422
49191;52.3000;8.1333
49195;52.0981;8.0974
49196;52.1000;8.0833
49201;52.1167;8.2000
49205;52.2375;7.9611
49213;52.0904;8.1739
49214;52.1167;8.1667
49219;52.0847;7.9994
49324;52.1977;8.3389
49326;52.2000;8.3500
49328;52.2000;8.3500
49356;52.6078;8.3701
49374;52.7208;8.2769
49375;52.7272;8.2872
49377;52.7263;8.2860
49393;52.6589;8.2250
49401;52.5216;8.1979
49406;52.7101;8.5467
49413;52.6622;8.1244
49419;52.5500;8.5833
49424;52.7883;8.4320
49429;52.8333;8.3167
49434;52.5167;8.0667
49439;52.5864;8.2157
49447;52.4415;8.3363
49448;52.4667;8.3813
49451;52.5833;8.1167
49453;52.6130;8.4809
49456;52.7412;8.1955
49457;52.6500;8.4333
49459;52.5333;8.3500
49475;52.2727;7.7175
49477;52.2601;7.7135
49479;52.2667;7.7333
49492;52.3167;7.8833
49497;52.3167;7.7833
49504;52.2833;7.9167
49509;52.3689;7.7212
49523;52.1890;7.8511
49525;52.1866;7.8604
49536;52.1500;7.9833
49541;52.2627;7.7812
49545;52.2196;7.8136
49549;52.1333;7.7500
49562;52.4080;7.9852
49565;52.4088;7.9729
49577;52.5667;7.8333
49584;52.5167;7.6767
49586;52.4833;7.8389
49593;52.5516;7.9484
49594;52.5000;7.9500
49596;52.5768;8.0034
49597;52.4833;8.0167
49599;52.4333;7.7500
49609;52.6737;7.9546
49610;52.6750;7.9498
49624;52.7368;7.7581
49626;52.6233;7.7455
49632;52.7000;7.9167
49635;52.6333;7.9833
49637;52.6833;7.8167
49638;52.6150;7.8607
49659;52.8475;8.0430
49661;52.8475;8.0450
49681;52.9500;8.0167
49685;52.8333;8.1500
49688;52.7947;7.8671
49691;52.8026;8.1203
49692;52.8167;8.1167
49696;52.8512;7.9716
49699;52.8500;7.7833
49716;52.6906;7.2910
49733;52.7886;7.1841
49740;52.6741;7.4846
49744;52.6000;7.2667
49751;52.8703;7.5167
49757;52.8500;7.6833
49762;52.9000;7.3167
49767;52.6561;7.1057
49770;52.6853;7.5995
49774;52.7455;7.5704
49777;52.7717;7.4618
49779;52.8571;7.2820
49801;52.4884;7.3250
49803;52.5239;7.3154
49808;52.5138;7.3133
49809;52.5223;7.3284
49811;52.5167;7.3167
49824;52.6167;6.8500
49828;52.5333;6.9667
49832;52.4870;7.5000
49835;52.5181;7.1341
49838;52.5646;7.5316
49843;52.5000;6.8833
49844;52.6000;7.4000
49846;52.5833;6.9500
49847;52.5062;6.8035
49849;52.5333;6.8500
50123;50.9497;6.6410
50124;50.9513;6.6317
50126;50.9562;6.6349
50127;50.9412;6.6631
50129;50.9741;6.6794
50169;50.8748;6.7435
50170;50.8964;6.6829
50171;50.8791;6.6939
50181;50.9926;6.5713
50189;50.9374;6.5683
50226;50.9149;6.8118
50259;50.9996;6.8063
50318;50.8285;6.8954
50319;50.8285;6.9025
50321;50.8293;6.9050
50351;50.8815;6.8983
50354;50.8708;6.8676
50374;50.8148;6.7939
50387;50.8196;6.9821
50389;50.8271;6.9747
50399;50.9212;6.8361
50411;50.9470;6.9465
50412;50.9470;6.9465
50413;50.9445;6.8871
50414;50.9470;6.9465
50415;50.9155;6.8649
50416;50.9228;6.8767
50417;50.9409;6.8899
50418;50.8860;6.9225
50419;50.9212;6.8361
50421;50.9424;6.9469
50422;50.9155;6.8649
50423;53.6012;10.0265
50424;49.2320;7.0073
50425;50.9417;6.9526
50426;50.8694;6.8791
50427;50.9354;6.9777
50428;50.9459;6.9590
50569;50.9354;6.9777
50574;50.9220;6.9346
50575;50.9821;6.8964
50576;50.9345;6.9396
50579;50.9345;6.9396
50580;50.9435;6.9728
50581;50.9470;6.9498
50582;51.5195;7.4577
50583;50.9470;6.9498
50585;50.9390;6.9777
50586;50.9165;6.9385
50587;50.9425;6.9551
50588;50.9440;6.9540
50589;50.9440;6.9540
50590;50.9648;6.9686
50591;50.9438;6.9420
50592;50.9645;7.0530
50593;50.9470;6.9465
50594;50.9379;6.8723
50595;50.9372;6.9223
50596;50.9410;6.9383
50598;50.9154;6.9398
50600;50.9400;6.9513
50602;50.9366;6.9470
50603;50.9459;6.9590
50604;50.9355;6.9408
50605;50.9390;6.9817
50606;50.9443;6.9516
50607;50.9438;6.9545
50657;50.9552;6.9680
50658;50.9561;6.9531
50661;50.9470;6.9465
50662;50.9322;6.9574
50663;50.9265;6.9820
50664;50.9283;6.9790
50667;50.9387;6.9547
50668;50.9499;6.9628
50670;50.9504;6.9502
50672;50.9439;6.9363
50674;50.9326;6.9342
50676;50.9314;6.9526
50677;50.9214;6.9507
50678;50.9233;6.9635
50679;50.9365;6.9781
50725;51.0054;6.9596
50726;50.9864;6.9441
50727;51.0011;6.9500
50728;50.9696;6.9707
50729;50.9581;6.9753
50730;50.9649;6.9839
50733;50.9643;6.9537
50735;50.9896;6.9622
50737;50.9923;6.9334
50739;50.9807;6.9212
50765;51.0198;6.8684
50767;51.0033;6.8847
50769;51.0458;6.8760
50819;50.9719;6.8980
50820;50.9766;6.8587
50823;50.9511;6.9264
50825;50.9541;6.9103
50827;50.9667;6.9000
50829;50.9746;6.8713
50855;50.9381;6.8456
50858;50.9243;6.8565
50859;50.9535;6.8328
50919;50.9409;6.8899
50922;50.9225;6.9356
50924;50.9274;6.9254
50925;50.9387;6.9238
50926;50.9242;6.9212
50927;50.9415;6.8860
50928;50.9190;6.9218
50931;50.9323;6.9183
50933;50.9427;6.8763
50935;50.9225;6.8956
50937;50.9124;6.9108
50939;50.9078;6.9247
50960;50.9086;6.9751
50962;50.9086;6.9751
50963;50.9049;6.9651
50964;50.9419;6.9821
50965;50.9158;6.9411
50966;50.9362;6.9494
50968;50.9033;6.9647
50969;50.9036;6.9385
50996;50.8834;6.9902
50997;50.8640;6.9512
50999;50.8753;7.0202
51057;50.9538;6.9909
51058;50.9671;7.0224
51059;50.9645;7.0530
51061;50.9940;7.0030
51063;50.9685;7.0054
51065;50.9549;7.0121
51067;50.9656;7.0420
51069;50.9925;7.0537
51101;50.9399;7.0159
51103;50.9420;7.0166
51105;50.9188;6.9972
51107;50.9236;7.0905
51109;50.9447;7.0699
51139;50.8834;7.0615
51140;50.9136;7.0675
51141;50.9136;7.0675
51143;50.8598;7.0360
51145;50.8824;7.0804
51147;50.8686;7.1073
51149;50.9055;7.0414
51169;50.9106;7.0472
51170;50.9125;7.0527
51171;50.9645;7.0530
51172;50.9645;7.0530
51173;50.9645;7.0530
51174;50.9126;7.0528
51175;50.9165;6.9385
51178;50.9106;7.0472
51221;50.9172;7.0504
51222;50.9126;7.0528
51365;51.0141;6.9881
51366;51.0141;6.9881
51367;51.0674;7.0172
51369;51.0141;6.9881
51370;51.0335;7.0172
51371;51.0645;6.9592
51373;51.0307;6.9898
51375;51.0331;7.0520
51377;51.0509;7.0633
51379;51.0665;7.0040
51381;51.0500;7.0167
51399;51.0847;7.1139
51424;50.9612;7.1838
51425;50.9667;7.1590
51427;50.9520;7.1114
51429;50.9655;7.1823
51462;50.9858;7.1307
51463;50.9858;7.1338
51465;50.9891;7.1290
51467;51.0089;7.1052
51469;50.9854;7.1141
51489;50.9652;7.3284
51491;50.9327;7.2839
51503;50.8956;7.1818
51515;51.0500;7.2667
51519;51.0333;7.1167
51545;50.8758;7.6169
51570;50.7909;7.5676
51578;50.9292;7.7605
51580;50.9284;7.6432
51588;50.9043;7.5406
51597;50.8666;7.7279
51598;50.9038;7.8096
51641;51.0279;7.5682
51643;51.0143;7.5724
51645;51.0006;7.5693
51647;51.0333;7.5500
51674;50.9495;7.5506
51688;51.1161;7.3986
51700;51.0274;7.6904
51702;51.0250;7.6560
51709;51.0832;7.5309
51766;50.9885;7.4139
51777;50.9838;7.4098
51789;51.0196;7.3776
52028;50.8116;6.0605
52045;50.7717;6.0851
52046;50.7846;6.0677
52047;50.7773;6.1306
52049;50.7722;6.0887
52053;50.7808;6.1332
52054;50.7705;6.0864
52055;50.7808;6.1332
52056;50.7771;6.0778
52057;50.7765;6.0424
52058;50.7757;6.0833
52059;50.7744;6.0879
52060;50.7674;6.1541
52062;50.7760;6.0872
52064;50.7683;6.0760
52066;50.7564;6.0914
52068;50.7787;6.1085
52070;50.7884;6.1044
52072;50.8034;6.0627
52074;50.7479;6.0485
52076;50.7167;6.1481
52078;50.7624;6.1380
52080;50.7793;6.1642
52081;50.7917;6.1067
52084;50.7711;6.0891
52090;50.7685;6.0981
52099;50.7667;6.1486
52101;50.7913;6.0624
52115;50.8614;6.0814
52134;50.8687;6.0932
52146;50.8181;6.1347
52152;50.6000;6.3000
52156;50.5546;6.2400
52159;50.6500;6.2000
52220;50.7759;6.2275
52222;50.7775;6.2209
52223;50.7318;6.2104
52224;50.7400;6.2877
52249;50.8185;6.2718
52348;50.8032;6.4783
52349;50.8009;6.4788
52351;50.8086;6.4982
52353;50.8294;6.4620
52355;50.7907;6.4659
52372;50.7470;6.4907
52379;50.8167;6.3500
52382;50.8833;6.4667
52385;50.6927;6.4844
52388;50.8060;6.6395
52391;50.7333;6.6000
52393;50.7167;6.3667
52396;50.6369;6.4690
52399;50.8268;6.5249
52425;50.9013;6.3974
52426;50.9038;6.3884
52428;50.9215;6.3627
52441;50.9800;6.2705
52445;51.0062;6.4248
52457;50.9000;6.2833
52459;50.8431;6.3600
52475;50.8795;6.1829
52477;50.8767;6.1640
52499;50.9096;6.1887
52509;50.9660;6.1215
52511;50.9675;6.1176
52523;51.0587;6.1077
52525;51.0661;6.0998
52531;50.9177;6.1234
52538;51.0221;5.9980
53094;50.7260;7.1114
53095;50.6791;7.1600
53096;50.7280;7.0955
53099;50.7053;7.0463
53100;50.7393;7.0559
53102;50.7083;7.1129
53103;50.7366;7.0951
53104;50.7122;7.0601
53105;50.7327;7.1033
53106;50.7169;7.1229
53107;50.7200;7.0598
53108;50.7409;7.0805
53109;50.7401;7.1014
53110;50.7160;7.1284
53111;50.7362;7.1002
53113;50.7231;7.1068
53115;50.7272;7.0851
53117;50.7610;7.0630
53119;50.7431;7.0590
53121;50.7317;7.0575
53123;50.7110;7.0489
53125;50.7333;7.1000
53127;50.7112;7.0668
53129;50.7207;7.1070
53160;50.7048;7.1409
53168;50.6733;7.1828
53169;50.7351;7.0717
53170;50.6994;7.1409
53171;50.7114;7.1264
53173;50.6902;7.1666
53175;50.6975;7.1417
53177;50.6813;7.1546
53179;50.6653;7.1822
53221;50.7450;7.1247
53222;50.7445;7.1253
53223;50.7191;7.1519
53225;50.7462;7.1294
53227;50.7248;7.1555
53229;50.7323;7.1847
53241;50.7191;7.1170
53243;50.7191;7.1170
53245;50.7191;7.1170
53247;50.7156;7.1305
53248;50.7123;7.1346
53249;50.7241;7.0645
53250;50.7156;7.1305
53251;50.7156;7.1305
53252;50.7048;7.1409
53253;50.8277;7.0993
53254;50.7156;7.1305
53255;50.7565;7.0908
53262;50.7114;7.1264
53284;50.7160;7.1284
53285;50.7280;7.0955
53286;50.7280;7.0955
53287;50.7280;7.0955
53288;50.7280;7.0955
53289;48.1544;11.5886
53330;50.7577;7.0046
53332;50.7631;6.9909
53338;50.6376;7.0227
53340;50.6239;7.0294
53343;50.6333;7.1000
53347;50.7333;7.0167
53357;50.6277;6.9500
53359;50.6256;6.9491
53423;50.5675;7.2504
53424;50.5788;7.2270
53426;50.4949;7.1771
53455;50.5714;7.0935
53470;50.5719;7.0780
53474;50.5432;7.1113
53489;50.5438;7.2464
53498;50.4833;7.2667
53501;50.5833;7.0667
53505;50.5500;6.9921
53506;50.4833;7.0167
53507;50.5333;7.0500
53508;50.5208;7.0169
53518;50.3667;6.9329
53520;50.4053;6.8889
53533;50.4167;6.8333
53534;50.3667;6.8667
53539;50.3167;6.9195
53545;50.5761;7.2844
53547;50.5667;7.4161
53557;50.5169;7.3120
53560;50.6167;7.3500
53562;50.5833;7.3833
53567;50.6867;7.4167
53572;50.6000;7.2500
53577;50.6209;7.4325
53578;50.6412;7.3535
53579;50.5833;7.2333
53602;50.6323;7.2207
53604;50.6434;7.2278
53619;50.6167;7.2333
53637;50.6965;7.1905
53639;50.7026;7.2584
53717;50.7949;7.2041
53718;50.7941;7.2758
53719;50.7953;7.2062
53721;50.8002;7.2077
53754;50.7677;7.1860
53757;50.7754;7.1970
53773;50.7756;7.2831
53783;50.7667;7.4500
53797;50.8387;7.2140
53804;50.8747;7.3537
53809;50.8437;7.4841
53819;50.8667;7.3250
53839;50.8185;7.1486
53840;50.8152;7.1720
53842;50.8189;7.1189
53844;50.8015;7.1271
53859;50.8150;7.0378
53877;50.6605;6.7946
53879;50.6606;6.7872
53881;50.6272;6.8478
53884;50.5870;6.6505
53894;50.6399;6.7042
53902;50.5567;6.7642
53909;50.7000;6.6500
53913;50.7000;6.9167
53919;50.7529;6.8458
53925;50.5422;6.5630
53937;50.5290;6.4769
53940;50.4412;6.4361
53945;50.4333;6.6500
53947;50.4937;6.6290
53949;50.3861;6.5477
54187;49.7708;6.6704
54189;49.7487;6.6187
54190;49.7986;6.6930
54286;49.7457;6.6884
54287;49.7590;6.6500
54290;49.7537;6.6393
54292;49.7728;6.6645
54293;49.7500;6.6333
54294;49.7440;6.6188
54295;49.7500;6.6333
54296;49.7500;6.6333
54298;49.8500;6.5667
54306;49.8333;6.6333
54308;49.7244;6.4991
54309;49.8124;6.5830
54310;49.8333;6.4833
54311;49.7623;6.5599
54313;49.9000;6.7000
54314;49.6167;6.6833
54316;49.6795;6.7167
54317;49.7271;6.7667
54318;49.7721;6.7329
54320;49.7462;6.7454
54329;49.7005;6.5765
54331;49.7094;6.6708
54332;49.7074;6.5394
54338;49.8221;6.7833
54340;49.8333;6.8333
54341;49.7667;6.7833
54343;49.8593;6.7648
54344;49.8000;6.7167
54346;49.8000;6.8333
54347;49.8555;6.8978
54349;49.8247;6.8993
54411;49.7500;7.0500
54413;49.7167;6.9167
54421;49.7000;6.9000
54422;49.6500;7.0150
54424;49.7500;7.0000
54426;49.7667;6.9658
54427;49.6331;6.8222
54429;49.6333;6.7833
54439;49.6064;6.4833
54441;49.6333;6.5500
54450;49.5435;6.5329
54451;49.6049;6.5955
54453;49.6500;6.4500
54455;49.5752;6.5745
54456;49.6667;6.5167
54457;49.6090;6.4260
54459;49.6592;6.5926
54469;49.9184;7.0655
54470;49.9167;7.0633
54472;49.8887;7.0732
54483;49.9000;7.1833
54484;49.9333;7.0000
54486;49.9125;7.0195
54487;49.8833;6.9500
54492;49.9667;7.0167
54497;49.8109;7.1271
54498;49.8864;6.9165
54516;50.0167;6.9333
54518;49.9402;6.8333
54523;49.9000;6.8167
54524;49.9000;6.8833
54526;49.9833;6.7667
54528;49.9333;6.8500
54529;49.9833;6.6833
54531;50.0967;6.8333
54533;50.0500;6.8667
54534;50.0333;6.8000
54536;49.9833;7.0833
54538;50.0167;7.0236
54539;49.9794;7.0061
54550;50.1972;6.8294
54552;50.2167;6.8833
54558;50.1279;6.9167
54567;50.2409;6.6600
54568;50.2222;6.6598
54570;50.1762;6.7308
54574;50.1833;6.6333
54576;50.2918;6.6696
54578;50.3051;6.7167
54579;50.3500;6.7500
54584;50.3441;6.6000
54585;50.3667;6.6167
54586;50.3333;6.5833
54587;50.3167;6.6167
54589;50.3500;6.5333
54595;50.2078;6.4167
54597;50.1598;6.4500
54608;50.2333;6.3000
54610;50.2167;6.5500
54611;50.3591;6.4382
54612;50.1167;6.4833
54614;50.1591;6.4333
54616;50.2167;6.2167
54617;50.1333;6.1667
54619;50.1333;6.2167
54634;49.9500;6.5167
54636;49.9833;6.4712
54646;49.9535;6.3740
54647;49.9749;6.6372
54649;50.0926;6.3667
54655;50.0500;6.6000
54657;50.0167;6.6167
54662;49.9500;6.6667
54664;49.9000;6.6167
54666;49.8454;6.4570
54668;49.8761;6.4333
54669;49.8527;6.3579
54673;50.0167;6.2500
54675;49.9304;6.3000
54687;50.0896;6.2707
54689;50.0667;6.1833
55097;49.9818;8.2902
55098;50.0161;8.2541
55099;49.9958;8.2464
55100;49.9639;8.2059
55101;49.9930;8.2592
55116;50.0010;8.2688
55118;50.0000;8.2711
55120;50.0196;8.2321
55122;49.9950;8.2370
55124;50.0025;8.2148
55126;49.9836;8.1767
55127;50.0000;8.2711
55128;49.9808;8.2422
55129;49.9661;8.2663
55130;49.9873;8.2965
55131;49.9823;8.2609
55146;50.0039;8.2467
55147;49.9970;8.2546
55148;49.9949;8.2280
55149;49.9970;8.2546
55150;49.9609;8.2532
55218;49.9708;8.0588
55232;49.8064;8.1156
55234;49.7256;8.1214
55237;49.7831;8.0603
55239;49.7847;8.1942
55246;50.0051;8.3134
55252;50.0102;8.2844
55257;50.0167;8.1667
55262;50.0000;8.1261
55263;49.9744;8.1167
55266;49.9048;8.2036
55268;49.9117;8.2053
55270;49.9217;8.1556
55271;49.9122;8.1253
55276;49.8547;8.3597
55278;49.8364;8.2650
55283;49.8700;8.3365
55286;49.8486;8.1242
55288;49.8278;8.1315
55291;49.8774;8.1363
55294;49.9353;8.3200
55296;49.9053;8.2728
55299;49.9153;8.3389
55408;49.9692;7.9362
55409;49.9681;7.9124
55411;49.9667;7.8992
55413;50.0333;7.8167
55422;50.0572;7.7695
55424;49.9434;7.8943
55425;49.9500;7.8333
55430;50.1078;7.7167
55432;50.1167;7.7000
55435;49.9567;8.0157
55437;49.9300;8.0333
55442;49.9500;7.7833
55444;49.9400;7.7500
55450;49.9000;7.9000
55452;49.9167;7.8667
55457;49.9000;7.9667
55459;49.9083;7.9833
55469;49.9833;7.5333
55471;49.9833;7.4833
55481;49.9500;7.4000
55483;49.9333;7.3667
55487;49.9167;7.3333
55490;49.8833;7.4775
55491;49.9000;7.2800
55494;50.0167;7.6333
55496;49.9667;7.6000
55497;49.9833;7.6438
55499;49.9590;7.5567
55538;49.8412;7.8667
55540;49.8390;7.8586
55541;49.8421;7.8667
55543;49.8368;7.8647
55545;49.8484;7.8378
55546;49.8167;7.9239
55559;49.8780;7.8965
55566;49.8500;7.6333
55568;49.7500;7.6500
55569;49.8333;7.6000
55571;49.7648;7.7061
55576;49.8667;7.9667
55578;49.8664;8.0478
55583;49.8116;7.8452
55585;49.8000;7.8148
55590;49.7072;7.6677
55592;49.7167;7.6333
55593;49.8500;7.8167
55595;49.8667;7.7333
55596;49.8000;7.7167
55597;49.8167;7.9833
55599;49.8000;7.9667
55606;49.8088;7.4932
55608;49.8000;7.4167
55618;49.8098;7.5228
55619;49.8167;7.4333
55621;49.7167;7.5500
55624;49.8833;7.3500
55626;49.8428;7.3783
55627;49.8000;7.5601
55629;49.8500;7.5333
55743;49.7333;7.3333
55756;49.7833;7.3333
55758;49.7833;7.3043
55765;49.6500;7.1667
55767;49.6833;7.2000
55768;49.6167;7.2000
55774;49.6489;7.3975
55776;49.6000;7.2667
55777;49.5833;7.2925
55779;49.6167;7.2500
56037;50.3887;7.5829
56040;50.3769;7.5836
56048;50.3727;7.5551
56053;50.3593;7.5858
56054;50.3372;7.5584
56055;50.3477;7.4950
56056;50.3573;7.6026
56057;50.3615;7.5721
56058;50.3372;7.5584
56059;50.3416;7.5855
56060;50.3590;7.5682
56062;50.3574;7.5796
56063;50.3589;7.5911
56064;50.3564;7.5904
56065;50.3580;7.5981
56066;50.3589;7.5718
56068;50.3567;7.5932
56070;50.3849;7.5741
56072;50.3578;7.5251
56073;50.3586;7.5812
56075;50.3201;7.5682
56076;50.3500;7.6000
56077;50.3500;7.6000
56078;50.3805;7.5649
56079;50.3874;7.5789
56080;50.3887;7.5829
56112;50.3000;7.6167
56128;50.3293;7.7287
56129;50.3349;7.7206
56130;50.3354;7.7137
56132;50.3333;7.7180
56133;50.3333;7.6833
56154;50.2308;7.5899
56170;50.4229;7.5792
56179;50.4000;7.6243
56182;50.3833;7.6333
56191;50.4167;7.6000
56203;50.4347;7.6690
56204;50.4064;7.6986
56206;50.4630;7.6873
56218;50.3851;7.4989
56220;50.4108;7.5167
56235;50.4701;7.7283
56237;50.4769;7.6667
56242;50.5208;7.7500
56244;50.5406;7.8189
56249;50.5833;7.7333
56253;50.1717;7.3022
56254;50.1944;7.3708
56269;50.5639;7.6928
56271;50.5772;7.6818
56276;50.5167;7.6500
56281;50.1500;7.5833
56283;50.1833;7.5000
56288;50.0667;7.4500
56290;50.1061;7.4000
56291;50.1167;7.5813
56294;50.2667;7.3516
56295;50.3100;7.3667
56299;50.3500;7.3833
56305;50.6232;7.5740
56307;50.5833;7.6000
56316;50.5749;7.6250
56317;50.5833;7.5833
56321;50.2813;7.6264
56322;50.2588;7.6484
56323;50.2833;7.5500
56329;50.1488;7.7072
56330;50.3023;7.4561
56332;50.2519;7.4500
56333;50.3167;7.5167
56335;50.3836;7.7096
56337;50.3833;7.7333
56338;50.2736;7.6451
56340;50.2445;7.6809
56341;50.2402;7.6236
56346;50.1833;7.6833
56348;50.1500;7.7500
56349;50.0883;7.7607
56355;50.2331;7.8373
56357;50.2064;7.7998
56368;50.2675;7.9425
56370;50.2833;7.9667
56377;50.3145;7.8003
56379;50.3333;7.8530
56407;50.4378;7.8353
56409;50.4377;7.8299
56410;50.4359;7.8232
56412;50.4078;7.8594
56414;50.4833;7.9483
56422;50.4719;7.7984
56424;50.4728;7.8366
56427;50.4864;7.7797
56428;50.4667;7.7833
56456;50.5594;7.9746
56457;50.5828;7.9747
56459;50.5588;7.9333
56462;50.6167;7.9833
56469;50.6564;7.9529
56470;50.6495;7.9496
56472;50.6467;7.9833
56476;50.8461;9.6781
56477;50.6472;8.0833
56479;50.6333;8.0833
56560;50.4280;7.4664
56562;50.4311;7.4664
56564;50.4326;7.4630
56566;50.4369;7.5452
56567;50.4565;7.4693
56575;50.4172;7.4507
56578;50.5053;7.4870
56579;50.5167;7.5000
56581;50.5145;7.4667
56584;50.5000;7.5667
56587;50.5500;7.5224
56588;50.5500;7.4167
56589;50.5305;7.4210
56593;50.5951;7.5164
56594;50.5691;7.5275
56598;50.5000;7.3500
56599;50.4500;7.3833
56624;50.4375;7.4082
56626;50.4311;7.4042
56630;50.3957;7.3625
56637;50.3926;7.3925
56642;50.3833;7.3333
56645;50.4142;7.3273
56647;50.3880;7.4040
56648;50.3833;7.4167
56651;50.4500;7.2000
56653;50.4333;7.2500
56656;50.4830;7.3291
56659;50.4546;7.2772
56723;50.3287;7.2311
56724;50.3287;7.2397
56725;50.3266;7.2249
56727;50.3280;7.2000
56729;50.3333;7.0833
56736;50.3500;7.2500
56743;50.3667;7.2833
56745;50.4000;7.1500
56746;50.4202;7.1104
56751;50.2833;7.2833
56753;50.2695;7.3116
56754;50.2191;7.2584
56759;50.2328;7.0833
56761;50.2333;7.1667
56766;50.2094;6.9794
56767;50.2500;6.9843
56769;50.2833;7.0167
56812;50.1451;7.1638
56814;50.1500;7.1833
56818;50.1667;7.2000
56820;50.1000;7.2000
56821;50.1000;7.2333
56823;50.1729;7.0832
56825;50.1500;7.0667
56826;50.1500;6.9833
56828;50.1768;7.0395
56829;50.1833;7.2667
56841;49.9508;7.1156
56843;49.9667;7.1887
56850;49.9667;7.2333
56856;50.0292;7.1823
56858;50.0667;7.3000
56859;50.0545;7.1373
56861;50.0167;7.1167
56862;50.0400;7.1280
56864;50.0667;7.0333
56865;50.0390;7.2833
56867;50.0167;7.1500
56869;50.0667;7.3500
57068;50.9063;8.0277
57069;50.8744;8.0222
57070;50.8778;8.0278
57072;50.8734;8.0104
57074;50.8625;8.0338
57076;50.8994;8.0310
57078;50.9116;8.0080
57080;50.8340;8.0219
57110;50.9122;7.9109
57223;50.9678;7.9885
57234;50.8167;8.1000
57250;50.8998;8.1513
57258;50.8974;7.8741
57271;50.9969;8.1106
57289;50.7853;8.0020
57290;50.8000;8.0000
57299;50.7511;8.0794
57319;51.0327;8.4091
57334;50.9409;8.3302
57339;50.9893;8.2529
57368;51.1172;8.0671
57392;51.1547;8.2850
57399;51.0856;8.0889
57413;51.1680;7.9730
57437;51.1293;7.9006
57439;51.1264;7.9033
57462;51.0290;7.8514
57482;50.9667;7.8667
57489;51.0236;7.7736
57517;50.7944;7.8503
57518;50.7774;7.8719
57520;50.7333;7.9028
57537;50.7791;7.7347
57539;50.7783;7.7002
57548;50.8085;7.8863
57555;50.8251;7.9435
57562;50.7770;7.9537
57567;50.7333;7.9667
57572;50.8500;7.8667
57577;50.7653;7.6863
57578;50.7333;7.8833
57580;50.7500;7.8167
57581;50.8147;7.8224
57583;50.6993;7.8844
57584;50.8000;7.8413
57586;50.7254;7.9281
57587;50.8167;7.7333
57589;50.7500;7.6167
57609;50.6884;7.6491
57610;50.6833;7.6664
57612;50.7167;7.6577
57614;50.6500;7.6500
57626;50.6616;7.8174
57627;50.6911;7.7783
57629;50.6833;7.8153
57632;50.6500;7.5333
57635;50.7000;7.5167
57636;50.7000;7.6833
57638;50.6667;7.5851
57639;50.6380;7.6659
57641;50.6230;7.5169
57642;50.6333;7.8667
57644;50.6497;7.7331
57645;50.6758;7.8383
57647;50.6333;7.9000
57648;50.6667;7.9167
58079;51.3624;7.4690
58080;51.3508;7.4415
58081;51.3848;7.4793
58082;51.3810;7.5132
58083;51.3824;7.5183
58084;51.3775;7.4909
58085;51.3601;7.4719
58086;51.3634;7.4802
58089;51.3801;7.4394
58091;51.3201;7.5080
58093;51.3657;7.5207
58095;51.3606;7.4785
58097;51.3668;7.4776
58099;51.3987;7.4901
58117;51.3561;7.5604
58119;51.3529;7.5630
58133;51.3450;7.4207
58135;51.3474;7.4274
58147;51.4047;7.4970
58237;51.4416;7.5642
58239;51.4439;7.5675
58256;51.2985;7.3629
58283;51.3278;7.3511
58285;51.3197;7.3392
58292;51.3926;7.3672
58298;51.3887;7.3943
58300;51.3875;7.3928
58311;51.4232;7.4369
58313;51.4000;7.4358
58330;51.2898;7.2982
58332;51.2863;7.2939
58339;51.2593;7.4681
58448;51.4524;7.3572
58449;51.4400;7.3369
58452;51.4315;7.3340
58453;51.4434;7.3633
58454;51.4644;7.3739
58455;51.4452;7.3303
58456;51.4046;7.2583
58505;51.2229;7.6294
58507;51.2258;7.6342
58509;51.2269;7.6130
58511;51.2169;7.6457
58513;51.2462;7.6201
58515;51.2012;7.6258
58540;51.1074;7.6484
58553;51.1861;7.4982
58566;51.1340;7.5908
58579;51.2412;7.5279
58603;51.3728;7.7057
58634;51.3756;7.7013
58636;51.3800;7.7032
58638;51.3743;7.6961
58640;51.3667;7.7000
58642;51.3708;7.6109
58644;51.3246;7.6968
58675;51.3871;7.7702
58706;51.4408;7.7887
58708;51.4553;7.7764
58710;51.4187;7.8259
58730;51.4756;7.7695
58739;51.4964;7.8659
58762;51.2947;7.6734
58769;51.3167;7.6167
58791;51.2601;7.7661
58802;51.3315;7.8642
58809;51.2828;7.7825
58840;51.2095;7.8726
58849;51.1923;7.8063
59056;51.6775;7.8202
59057;51.6767;7.8059
59059;51.6767;7.8059
59060;51.6785;7.8152
59061;51.6773;7.8192
59062;51.6788;7.8139
59063;51.6747;7.8407
59065;51.6802;7.8134
59067;51.6742;7.7799
59069;51.6450;7.8608
59071;51.6910;7.8704
59073;51.6833;7.8000
59075;51.6866;7.7359
59077;51.6425;7.7343
59089;51.5706;8.1060
59090;51.5602;7.8936
59172;51.5872;7.6657
59174;51.5923;7.6638
59192;51.6163;7.6445
59199;51.6000;7.7667
59215;51.7730;7.9453
59225;51.7635;7.8949
59227;51.7602;7.8845
59229;51.7502;7.8968
59267;51.7569;8.0413
59269;51.7557;8.0407
59299;51.8281;8.1427
59302;51.8289;8.1472
59320;51.8384;8.0309
59329;51.7333;8.2500
59348;51.7683;7.4438
59366;51.6658;7.6329
59368;51.6645;7.6342
59379;51.6969;7.4681
59385;51.7907;7.6088
59387;51.7833;7.6167
59394;51.7383;7.5220
59399;51.7079;7.3789
59423;51.5302;7.6760
59425;51.5485;7.6849
59427;51.5393;7.7283
59438;51.5060;7.6005
59439;51.5000;7.6333
59455;51.5545;7.9161
59457;51.5549;7.9140
59469;51.5133;7.9494
59490;51.5730;8.0986
59491;51.5651;8.1019
59494;51.5756;8.1062
59495;51.5728;8.1141
59505;51.5833;8.1667
59510;51.6766;8.1224
59514;51.6167;7.9667
59519;51.5000;8.1333
59552;51.6722;8.3595
59553;51.6740;8.3507
59555;51.6767;8.3411
59556;51.6667;8.3500
59557;51.6574;8.3435
59558;51.6667;8.3500
59578;51.4525;8.3563
59581;51.4662;8.3108
59590;51.6409;8.5109
59597;51.6034;8.2908
59602;51.4909;8.4360
59609;51.5667;8.3333
59753;51.4344;7.9758
59755;51.3833;8.0833
59757;51.3833;8.0833
59759;51.4263;7.9913
59817;51.3996;8.0740
59818;51.3952;8.0631
59821;51.3997;8.0627
59823;51.3833;8.0833
59844;51.3250;8.0049
59846;51.3281;8.0037
59870;51.3479;8.2835
59872;51.3502;8.2833
59889;51.2673;8.2351
59909;51.3608;8.4008
59929;51.3946;8.5715
59939;51.3561;8.4890
59955;51.1925;8.5347
59964;51.1971;8.7063
59969;51.1111;8.6264
60060;50.1125;8.6535
60185;50.1125;8.6535
60222;50.1361;8.6755
60223;50.1118;8.6597
60252;50.1111;8.6551
60254;50.1124;8.6758
60255;50.1074;8.7400
60256;50.1164;8.6896
60257;50.0992;8.6670
60259;50.1105;8.6908
60261;50.1109;8.6829
60262;50.1138;8.6684
60263;50.1362;8.6496
60264;50.1036;8.6465
60265;50.1097;8.6607
60267;50.1086;8.6297
60270;50.1105;8.6908
60274;50.1100;8.6608
60275;50.1105;8.6826
60276;50.1109;8.6883
60277;50.1162;8.6298
60278;50.1109;8.6829
60279;50.1109;8.6829
60280;50.1109;8.6829
60281;50.1109;8.6829
60282;50.1109;8.6829
60284;50.1122;8.6777
60285;50.1139;8.6532
60286;50.1162;8.6298
60287;50.1109;8.6829
60289;50.1109;8.6829
60290;50.1338;8.5733
60291;50.1045;8.6822
60296;50.1162;8.6298
60297;50.1119;8.6725
60298;50.2219;8.6212
60300;50.0990;8.6337
60301;50.1087;8.6720
60304;50.2219;8.6212
60305;50.1028;8.6592
60306;50.1159;8.6702
60307;50.1201;8.6552
60308;50.1125;8.6529
60309;50.1291;8.6834
60310;50.1107;8.6730
60311;50.1112;8.6831
60313;50.1153;8.6823
60314;50.1137;8.7119
60316;50.1209;8.6966
60318;50.1252;8.6865
60320;50.1390;8.6725
60322;50.1250;8.6762
60323;50.1219;8.6655
60325;50.1155;8.6596
60326;50.1025;8.6299
60327;50.1038;8.6522
60329;50.1074;8.6663
60377;50.1291;8.6834
60379;50.1280;8.7677
60380;50.1359;8.7120
60382;50.1280;8.7677
60385;50.1253;8.7108
60386;50.1268;8.7554
60388;50.1506;8.7537
60389;50.1383;8.7116
60422;50.1171;8.6724
60423;50.1651;8.6609
60424;50.1680;8.6351
60428;50.1930;8.6631
60429;50.1901;8.6544
60431;50.1457;8.6549
60433;50.1605;8.6684
60435;50.1544;8.6912
60437;50.1924;8.6753
60438;50.1787;8.6320
60439;50.1605;8.6337
60482;50.1172;8.6295
60484;50.1211;8.6447
60485;50.1357;8.5695
60486;50.1162;8.6365
60487;50.1257;8.6414
60488;50.1416;8.6155
60489;50.1252;8.6088
60490;50.1175;8.6284
60519;50.1037;8.6665
60521;50.0851;8.6294
60523;50.0851;8.6294
60524;50.0851;8.6294
60525;50.0847;8.6339
60528;50.0837;8.6440
60529;50.0841;8.5916
60544;50.0302;8.5683
60546;50.0302;8.5683
60547;50.0302;8.5683
60549;50.0413;8.5702
60589;50.0986;8.6565
60590;50.0964;8.6611
60591;50.1047;8.6873
60594;50.1039;8.6886
60596;50.0974;8.6735
60598;50.0900;8.6816
60599;50.0960;8.7111
60600;50.0462;8.5793
60607;50.1422;8.6573
60608;50.1367;8.7430
60609;50.1264;8.5857
60610;50.0920;8.6314
60611;50.1139;8.6532
60612;50.1087;8.6589
60613;50.1087;8.6720
60614;50.1013;8.6404
60615;50.1161;8.6346
60620;50.1361;8.6755
60621;50.1094;8.6772
60622;50.1106;8.6728
60623;50.1189;8.6340
60624;50.0958;8.6952
60625;50.1125;8.6670
60626;50.1109;8.6829
60627;50.1058;8.6698
60628;50.1140;8.6485
60629;50.1235;8.6627
60630;50.1264;8.5857
60631;50.1325;8.6774
60632;50.0672;8.6396
60633;50.1147;8.6416
60634;50.1036;8.6663
60637;50.1109;8.6829
60638;50.0302;8.5683
60639;50.1138;8.6684
60640;50.1098;8.7028
60643;50.1069;8.6399
60644;50.1069;8.6399
60645;50.1069;8.6399
60647;52.5159;13.3280
60651;50.7156;7.1305
60652;50.7156;7.1305
60699;50.1139;8.6532
61116;50.1883;8.7452
61118;50.1787;8.7376
61130;50.2381;8.8670
61137;50.2056;8.8333
61138;50.1942;8.8000
61167;50.3325;8.7528
61169;50.3374;8.7559
61182;50.2289;8.7620
61184;50.2302;8.7716
61191;50.3033;8.6980
61194;50.2833;8.8333
61197;50.3287;8.9167
61200;50.4000;8.8167
61203;50.3564;8.8745
61206;50.2833;8.7667
61209;50.3889;8.8861
61229;50.3606;8.7438
61231;50.3646;8.7386
61239;50.3735;8.6909
61250;50.3355;8.5369
61267;50.3167;8.5000
61273;50.3000;8.5667
61276;50.3333;8.4167
61279;50.3902;8.4569
61300;50.2387;8.5884
61341;50.2188;8.6167
61342;50.2128;8.6550
61343;50.2210;8.6184
61344;50.2175;8.6171
61345;50.2211;8.6242
61346;50.2153;8.6235
61348;50.2265;8.6120
61350;50.2377;8.6024
61352;50.2167;8.6167
61378;50.0782;8.6337
61381;50.2496;8.6428
61389;50.2667;8.4500
61434;50.1111;8.6551
61435;50.2120;8.5742
61437;50.2110;8.5875
61440;50.2073;8.5775
61449;50.1648;8.5706
61462;50.1809;8.4716
61474;50.1785;8.5079
61476;50.1789;8.5134
61479;50.2167;8.4000
63057;50.1066;8.7538
63059;50.1053;8.7418
63060;50.1348;8.9215
63061;50.1057;8.7611
63063;50.1011;8.7641
63064;50.0833;8.7451
63065;50.1054;8.7620
63067;50.1069;8.7344
63069;50.0894;8.7494
63071;50.0993;8.7852
63073;50.1000;8.7667
63075;50.1230;8.7921
63106;50.0241;8.8985
63110;50.0263;8.8859
63126;50.0185;8.7914
63128;50.0098;8.7778
63147;50.0574;8.8190
63150;50.0555;8.8008
63165;50.1078;8.8318
63177;50.0702;8.8543
63179;50.0714;8.8512
63222;49.9875;8.6674
63223;49.9970;8.6533
63225;49.9896;8.6685
63256;50.0530;8.6563
63257;50.0442;8.6880
63258;50.0452;8.6860
63259;50.0483;8.7126
63263;50.0583;8.6918
63299;50.0289;8.6962
63303;50.0200;8.6961
63317;49.9644;8.8231
63318;49.9776;8.8279
63322;49.9740;8.8282
63328;49.9696;8.6685
63329;49.9679;8.6634
63405;50.1333;8.9167
63438;50.1147;8.6416
63441;50.1147;8.6416
63442;50.1221;8.9313
63443;50.1227;8.9200
63446;50.1332;8.9221
63447;50.0964;8.9004
63450;50.1316;8.9208
63452;50.1442;8.9169
63454;50.1391;8.8864
63456;50.1139;8.9107
63457;50.1063;8.9495
63475;50.1341;8.8314
63477;50.1500;8.8333
63486;50.1785;8.9232
63499;50.0461;8.9752
63500;50.0432;8.9739
63505;50.1766;9.0400
63512;50.0833;8.9333
63517;50.1500;9.0333
63526;50.1630;8.9782
63532;50.0160;9.0016
63533;50.0127;8.9901
63538;50.0833;8.9833
63543;50.2000;8.9833
63546;50.2167;8.9833
63549;50.2278;9.0556
63569;50.2016;9.1859
63571;50.2016;9.1874
63579;50.1323;9.1346
63584;50.2064;9.1388
63589;50.1667;9.2167
63594;50.1667;9.1000
63599;50.1806;9.2861
63607;50.2551;9.2956
63619;50.2279;9.3478
63628;50.2757;9.3670
63633;50.3500;9.3000
63636;50.3167;9.2833
63637;50.1792;9.4583
63639;50.1208;9.4375
63652;50.2886;9.1126
63654;50.2901;9.1114
63667;50.4133;9.0064
63674;50.2875;8.9437
63679;50.5035;9.1252
63683;50.3558;9.0560
63688;50.4248;9.1984
63691;50.3574;8.9837
63694;50.2591;8.9776
63695;50.3167;9.0000
63697;50.4000;9.1333
63699;50.3448;9.2114
63715;49.9787;9.1579
63735;49.9815;9.2761
63736;49.9787;9.1525
63739;49.9757;9.1478
63741;49.9751;9.1314
63743;49.9648;9.1647
63754;50.0933;9.0506
63755;50.0888;9.0646
63762;49.9199;9.0760
63768;50.0065;9.2076
63773;49.9995;9.1844
63776;50.0692;9.1637
63784;49.8290;9.1536
63785;49.8358;9.1310
63791;50.0487;9.0287
63796;50.0698;9.0055
63801;50.0000;9.0667
63806;49.9636;9.1900
63808;49.9644;9.2072
63811;49.9700;9.0715
63814;49.9817;9.0900
63820;49.8429;9.1636
63825;50.0855;9.2500
63826;50.1233;9.1966
63828;50.1167;9.2667
63829;50.0832;9.2061
63831;50.1167;9.3667
63834;49.9115;9.1532
63839;49.8746;9.1693
63840;49.8697;9.2103
63843;49.9122;9.1369
63846;50.0167;9.3000
63849;49.9014;9.2217
63853;49.8597;9.0833
63856;49.9694;9.2686
63857;49.9753;9.3019
63860;49.9653;9.3939
63863;49.8189;9.2592
63864;50.0000;9.1500
63867;50.0316;9.1425
63868;49.8794;9.1534
63869;50.0282;9.3712
63871;50.0711;9.3430
63872;49.8892;9.2956
63874;49.8577;9.3276
63875;49.9144;9.2919
63877;50.0246;9.2593
63879;49.9308;9.3661
63897;49.7045;9.2673
63906;49.8034;9.1631
63911;49.7851;9.1803
63916;49.6444;9.2218
63920;49.7283;9.2228
63924;49.7211;9.2135
63925;49.7458;9.1761
63927;49.7148;9.2692
63928;49.7056;9.3292
63930;49.7072;9.4025
63931;49.6180;9.1779
63933;49.7933;9.2686
63934;49.7731;9.2461
63936;49.6402;9.2506
63937;49.6681;9.2164
63939;49.7972;9.1539
64271;49.8981;8.6544
64272;49.8627;8.6398
64273;49.8788;8.6399
64275;49.8785;8.6356
64276;49.8703;8.6358
64277;49.8754;8.6559
64278;49.8734;8.6501
64279;49.8914;8.6110
64280;49.8162;8.6316
64283;49.8719;8.6484
64285;49.8591;8.6486
64287;49.8676;8.6644
64289;49.8972;8.6809
64291;49.9111;8.6573
64293;49.8875;8.6446
64295;49.8611;8.6373
64297;49.8192;8.6449
64304;49.8627;8.6398
64305;49.8588;8.6220
64306;49.8550;8.4872
64307;49.8688;8.6297
64308;49.8162;8.6316
64319;49.8056;8.6031
64331;49.9039;8.5887
64342;49.7650;8.6519
64346;49.8613;8.5898
64347;49.8609;8.5725
64354;49.8292;8.8357
64367;49.8156;8.7081
64372;49.8308;8.7489
64380;49.8597;8.7617
64385;49.7121;8.8390
64390;49.9553;8.6475
64395;49.7739;8.8844
64397;49.7606;8.7208
64401;49.8006;8.8243
64404;49.7592;8.6175
64405;49.7647;8.7850
64407;49.7461;8.8586
64409;49.9383;8.7406
64517;49.9304;8.4973
64518;49.9129;8.4855
64520;49.9134;8.4855
64521;49.9214;8.4825
64542;49.9818;8.5815
64543;49.9832;8.5812
64545;50.0146;8.5805
64546;49.9947;8.5836
64560;49.8341;8.4962
64569;49.9508;8.4633
64572;49.9033;8.5233
64579;49.7531;8.4886
64584;49.7836;8.4744
64589;49.8094;8.4728
64623;49.6767;8.6183
64624;49.6694;8.6183
64625;49.6837;8.6184
64646;49.6407;8.6367
64653;49.6500;8.5667
64658;49.6508;8.7847
64665;49.7386;8.5958
64668;49.6250;8.7631
64673;49.7239;8.6108
64678;49.6837;8.7815
64683;49.6767;8.5483
64686;49.7258;8.7033
64689;49.6300;8.8822
64711;49.6615;8.9940
64720;49.6757;9.0037
64732;49.7432;9.0075
64738;49.8015;9.0042
64739;49.7997;8.9994
64743;49.5686;8.9744
64747;49.8000;9.0667
64750;49.7883;9.0753
64753;49.7325;8.9622
64754;49.5699;9.0629
64756;49.6533;8.9289
64757;49.4992;8.9192
64807;49.8974;8.8461
64823;49.8690;8.9321
64832;49.9652;8.9513
64839;49.9228;8.8678
64846;49.8758;8.8344
64850;49.9242;9.0094
64853;49.8261;8.9225
64859;49.9506;8.8539
65164;50.9645;7.0530
65166;50.0810;8.2194
65169;50.0741;8.2553
65170;50.0632;8.2721
65171;50.0741;8.2553
65172;50.0741;8.2553
65173;50.0761;8.2441
65174;50.0723;8.2428
65175;50.0768;8.2419
65176;50.0457;8.2172
65177;50.0477;8.2070
65178;50.0632;8.2721
65179;50.0700;8.2534
65180;50.0714;8.2523
65181;50.0863;8.2439
65182;50.0679;8.2500
65183;50.0817;8.2389
65185;50.0773;8.2424
65187;50.0691;8.2254
65189;50.0710;8.2565
65191;50.0876;8.2797
65193;50.0896;8.2428
65195;50.1095;8.1967
65197;50.0794;8.2157
65199;50.0734;8.1960
65201;50.0441;8.2036
65203;50.0450;8.2453
65205;50.0613;8.3442
65207;50.1230;8.3018
65209;50.1456;8.5583
65212;50.0291;8.2754
65215;50.0557;8.2905
65216;50.0445;8.1617
65218;50.0072;8.4136
65219;50.1500;8.1500
65220;50.1500;8.1500
65221;50.1500;8.1500
65222;50.1500;8.1500
65223;50.1500;8.1500
65224;50.1500;8.1500
65232;50.1377;8.1337
65239;50.0144;8.3522
65307;50.1420;8.0696
65321;50.1649;7.9535
65326;50.2500;8.0667
65329;50.2000;8.0667
65341;50.0463;8.1248
65343;50.0333;8.1167
65344;50.0333;8.1167
65345;50.0333;8.1167
65346;50.0333;8.1167
65347;50.0132;8.0615
65366;49.9847;7.9684
65375;50.0000;8.0000
65385;49.9821;7.9296
65388;50.0932;8.1031
65391;50.0855;7.8211
65396;50.0400;8.1554
65399;50.0396;8.0853
65423;49.9918;8.4129
65424;49.9917;8.4196
65428;49.9896;8.4225
65438;50.0061;8.4179
65439;50.0131;8.4278
65450;50.0508;8.5418
65451;50.0613;8.5292
65462;49.9711;8.3453
65468;49.9264;8.4073
65473;49.9868;8.3590
65474;49.9939;8.3672
65479;50.0132;8.4525
65509;50.2098;8.2574
65510;50.2333;8.2668
65520;50.2970;8.2690
65527;50.1631;8.3134
65529;50.2500;8.3333
65546;50.3904;8.0534
65547;50.3875;8.0666
65549;50.3830;8.0611
65550;50.3833;8.0500
65551;50.3833;8.0500
65552;50.3833;8.0500
65553;50.3833;8.0500
65554;50.3833;8.0500
65555;50.3833;8.0500
65556;50.3833;8.0500
65558;50.3545;8.0073
65580;50.3708;8.0173
65582;50.3856;8.0019
65589;50.4459;8.0425
65594;50.4057;8.1546
65597;50.3286;8.1476
65599;50.5167;8.0167
65604;50.4167;8.0333
65606;50.3929;8.1931
65611;50.3556;8.1778
65614;50.4583;8.1458
65617;50.3364;8.2437
65618;50.3500;8.2667
65620;50.5167;8.1167
65623;50.3000;8.0667
65624;50.3667;7.9833
65626;50.3581;8.0027
65627;50.5000;8.0500
65629;50.3333;8.0500
65717;50.0852;8.4464
65719;50.0902;8.4493
65754;50.1346;8.5699
65755;50.1338;8.5733
65756;50.1349;8.5745
65757;50.1619;8.5358
65758;50.1382;8.5816
65760;50.1433;8.5711
65779;50.1370;8.4502
65784;50.0706;8.4911
65795;50.0785;8.4755
65810;50.1582;8.5116
65812;50.1408;8.5045
65817;50.1428;8.3923
65823;50.1440;8.5313
65824;50.1500;8.5333
65830;50.0841;8.4698
65835;50.1185;8.4885
65840;50.1288;8.5212
65842;50.1313;8.5176
65843;50.1340;8.5280
65844;50.1288;8.5212
65925;50.1076;8.5458
65927;50.0961;8.5380
65929;50.1045;8.5389
65931;50.0910;8.5044
65933;50.0979;8.5999
65934;50.1027;8.5749
65936;50.1207;8.5663
66087;49.2320;7.0312
66088;49.2392;6.9858
66090;49.2275;7.0251
66094;49.2251;7.0421
66097;49.2397;6.9558
66098;49.2359;6.9923
66099;49.2320;7.0312
66100;49.2205;7.0351
66101;49.2320;7.0073
66102;49.2397;6.9798
66103;49.2350;6.9898
66104;49.2382;6.9955
66106;49.2398;6.9993
66108;49.2407;7.0064
66109;49.2330;7.0020
66111;49.2461;7.0022
66113;49.2431;6.9757
66115;49.2399;6.9696
66117;49.2146;6.9682
66119;49.2087;7.0202
66121;49.2290;7.0124
66123;49.2333;7.0000
66125;49.2718;7.0325
66126;49.2333;7.0000
66127;49.2333;7.0000
66128;49.2333;7.0000
66129;49.2333;7.0000
66130;49.2470;6.9105
66131;49.2333;7.0000
66132;49.2333;7.0000
66133;49.2333;7.0000
66150;49.2136;6.9681
66265;49.3363;6.9304
66271;49.1578;7.0373
66280;49.3000;7.0667
66287;49.3167;7.0500
66292;49.3000;6.9333
66299;49.3279;7.0962
66330;49.2525;6.8511
66333;49.2516;6.8587
66346;49.2855;6.8872
66352;49.2030;6.8415
66359;49.2773;6.8013
66386;49.2770;7.1167
66399;49.1833;7.1667
66421;49.3153;7.3428
66424;49.3264;7.3387
66440;49.2372;7.2562
66450;49.3462;7.2553
66453;49.1500;7.2000
66458;49.2867;7.2161
66459;49.2833;7.2333
66482;49.2469;7.3698
66484;49.2000;7.4637
66497;49.2500;7.4333
66500;49.1878;7.4000
66501;49.3167;7.4333
66503;49.2340;7.4740
66504;49.1833;7.5000
66506;49.2667;7.5333
66507;49.2828;7.5096
66509;49.2333;7.5000
66538;49.3448;7.1799
66539;49.3366;7.2191
66540;49.3670;7.1841
66557;49.3736;7.0476
66564;49.4013;7.1642
66571;49.4000;6.9667
66578;49.3667;7.1333
66583;49.3167;7.1333
66589;49.3500;7.0500
66606;49.4663;7.1681
66620;49.6076;6.9699
66625;49.5759;7.0808
66629;49.5500;7.2500
66636;49.4837;7.0369
66640;49.5217;7.1407
66646;49.4523;7.0582
66649;49.5126;7.0838
66661;49.4651;6.6151
66663;49.4433;6.6387
66679;49.5181;6.7350
66687;49.5412;6.8877
66693;49.4936;6.5969
66701;49.4000;6.7000
66706;49.4717;6.3813
66709;49.5500;6.8167
66738;49.3257;6.7483
66740;49.3137;6.7515
66763;49.3556;6.7278
66773;49.3000;6.8167
66780;49.3756;6.6844
66787;49.2667;6.7833
66793;49.3543;6.8049
66798;49.3275;6.7110
66802;49.2419;6.6984
66806;49.3000;6.7833
66809;49.3833;6.7833
66822;49.4112;6.9099
66839;49.4333;6.8500
66849;49.4131;7.5702
66851;49.3667;7.6333
66862;49.4167;7.6167
66869;49.5500;7.4000
66871;49.5333;7.3539
66877;49.4445;7.5553
66879;49.5000;7.5273
66882;49.4167;7.4833
66885;49.5685;7.4667
66887;49.5833;7.4833
66892;49.3833;7.4333
66894;49.3500;7.4500
66901;49.4074;7.3723
66903;49.4431;7.3356
66904;49.4333;7.4000
66907;49.4857;7.4421
66909;49.4833;7.3833
66914;49.3833;7.3333
66916;49.4333;7.3055
66917;49.3171;7.5000
66919;49.3167;7.5833
66950;49.1943;7.6080
66951;49.2055;7.5988
66953;49.2149;7.6290
66954;49.2071;7.5911
66955;49.1839;7.6134
66957;49.1500;7.5519
66969;49.1731;7.6511
66976;49.2394;7.6396
66978;49.2653;7.7308
66981;49.2167;7.7000
66986;49.2612;7.5624
66987;49.2667;7.5833
66989;49.2333;7.5667
66994;49.1510;7.7784
66996;49.0865;7.7500
66999;49.2000;7.7500
67055;49.4800;8.4441
67056;49.4949;8.4340
67057;49.4740;8.4251
67059;49.4828;8.4376
67061;49.4705;8.4454
67063;49.4990;8.4109
67065;49.4603;8.4162
67067;49.4811;8.4353
67069;49.5235;8.4022
67071;49.4890;8.3791
67075;49.4436;8.4034
67076;49.4740;8.4251
67077;49.4748;8.4265
67078;49.4748;8.4265
67082;49.4760;8.4556
67098;49.4563;8.0814
67105;49.3842;8.3775
67112;49.4414;8.3561
67117;49.4244;8.3919
67122;49.4356;8.4947
67125;49.4403;8.3086
67126;49.4194;8.2817
67127;49.4300;8.2614
67133;49.4881;8.2917
67134;49.4814;8.2619
67136;49.4611;8.2922
67141;49.4278;8.4247
67146;49.4078;8.1844
67147;49.4258;8.1911
67149;49.4044;8.2392
67150;49.4150;8.2100
67152;49.4003;8.1961
67157;49.4480;8.1712
67158;49.4617;8.2594
67159;49.4469;8.2231
67161;49.4481;8.2386
67165;49.3953;8.4403
67166;49.3722;8.4478
67167;49.4892;8.2247
67169;49.4908;8.1761
67225;49.5353;8.3514
67227;49.5386;8.3540
67229;49.5478;8.2354
67240;49.5875;8.3578
67245;49.5136;8.2878
67246;49.5633;8.2447
67251;49.5065;8.2119
67256;49.5181;8.2478
67258;49.5458;8.3078
67259;49.5753;8.3194
67269;49.5630;8.1628
67271;49.5683;8.1497
67273;49.5211;8.1792
67278;49.6067;8.1849
67280;49.5844;8.1264
67281;49.5372;8.2042
67283;49.5442;8.2044
67292;49.6625;8.0151
67294;49.6900;8.0461
67295;49.6392;8.0119
67297;49.6328;8.0400
67304;49.5764;8.0597
67305;49.5369;8.0133
67307;49.5950;8.0508
67308;49.6364;8.1086
67310;49.5356;8.0736
67311;49.5386;8.1039
67316;49.5039;8.0417
67317;49.5075;8.0733
67319;49.5217;8.0617
67340;49.3199;8.4208
67342;49.3199;8.4208
67343;49.3180;8.4337
67346;49.3208;8.4311
67354;49.2954;8.4070
67360;49.2539;8.3386
67361;49.2717;8.2719
67363;49.2448;8.2741
67365;49.2700;8.3286
67366;49.2595;8.2862
67368;49.2464;8.3236
67373;49.3186;8.3886
67374;49.3167;8.3408
67376;49.2942;8.3450
67377;49.2911;8.2658
67378;49.2328;8.2472
67429;49.3541;8.1438
67433;49.3465;8.1491
67434;49.3505;8.1363
67435;49.3567;8.1378
67454;49.3628;8.2581
67459;49.3806;8.3039
67466;49.3705;8.0726
67468;49.3889;8.0464
67471;49.3667;7.9333
67472;49.3833;7.9833
67473;49.3803;8.0986
67475;49.4167;8.0000
67480;49.2839;8.1271
67482;49.2844;8.2236
67483;49.2633;8.1764
67487;49.3053;8.1317
67489;49.3019;8.1656
67545;49.6337;8.3554
67547;49.6326;8.3619
67549;49.6356;8.3338
67550;49.6356;8.3597
67551;49.6163;8.2753
67574;49.7038;8.3242
67575;49.7500;8.3989
67577;49.7681;8.3403
67578;49.7778;8.3750
67580;49.7323;8.4327
67582;49.7400;8.3258
67583;49.7975;8.3456
67585;49.7686;8.2697
67586;49.7764;8.2561
67587;49.7786;8.2803
67590;49.6372;8.2119
67591;49.6192;8.2282
67592;49.6755;8.2089
67593;49.7044;8.2481
67595;49.7278;8.2922
67596;49.7597;8.2447
67598;49.6961;8.2025
67599;49.6758;8.2378
67650;49.4390;7.7743
67653;49.4417;7.7697
67655;49.4425;7.7659
67657;49.4495;7.7948
67659;49.4467;7.7609
67661;49.4126;7.7107
67663;49.4360;7.7503
67677;49.4833;7.9000
67678;49.4914;7.8547
67680;49.5167;7.9167
67681;49.5276;7.8666
67685;49.5000;7.6333
67686;49.4667;7.5833
67688;49.4728;7.6579
67691;49.4421;7.8950
67693;49.4500;7.9167
67697;49.5030;7.7699
67699;49.5500;7.7667
67700;49.5833;7.7000
67701;49.5500;7.7167
67705;49.3776;7.7748
67706;49.3667;7.6667
67707;49.3500;7.6833
67714;49.2833;7.6667
67715;49.3261;7.6971
67716;49.3167;7.7167
67718;49.3333;7.7333
67722;49.5667;7.8500
67724;49.5833;7.7960
67725;49.5777;7.9667
67727;49.5500;7.8500
67728;49.5500;7.8833
67729;49.5500;7.9333
67731;49.4855;7.7345
67732;49.5197;7.6788
67734;49.5167;7.7000
67735;49.5167;7.7167
67737;49.5388;7.6586
67742;49.6500;7.5927
67744;49.6500;7.5833
67745;49.6500;7.5667
67746;49.6667;7.5167
67748;49.6833;7.6500
67749;49.6173;7.5512
67752;49.5841;7.6167
67753;49.6000;7.6333
67754;49.5582;7.5642
67756;49.5833;7.5500
67757;49.5500;7.6333
67759;49.6333;7.7333
67806;49.6333;7.7922
67808;49.6333;7.8667
67811;49.6667;7.8167
67813;49.6833;7.8667
67814;49.6287;7.9500
67816;49.6033;8.0106
67817;49.5833;7.8833
67819;49.7099;7.9169
67821;49.7167;7.8167
67822;49.7333;7.8667
67823;49.7167;7.7667
67824;49.7667;7.8000
67826;49.7593;7.7888
67827;49.6500;7.6833
67829;49.6833;7.7000
68051;49.4526;8.5191
68112;49.4875;8.4688
68122;49.4799;8.4730
68123;49.4490;8.5051
68124;49.4941;8.4566
68126;49.4808;8.4831
68127;49.4776;8.4910
68128;49.5057;8.5069
68130;49.5043;8.4732
68131;49.4822;8.4666
68132;49.4971;8.4985
68133;49.4756;8.4712
68134;49.4784;8.4679
68135;49.4912;8.4870
68136;49.4744;8.4934
68138;49.5117;8.4989
68139;49.4893;8.4997
68140;49.4951;8.4762
68141;49.4783;8.4758
68142;49.4944;8.4950
68143;49.4539;8.5127
68144;49.4851;8.5040
68145;49.5034;8.4684
68146;49.5002;8.5008
68147;49.4756;8.4712
68148;49.4932;8.4812
68149;49.4845;8.4667
68150;49.4853;8.5022
68151;49.4879;8.4683
68156;49.4853;8.4664
68159;49.4934;8.4653
68161;49.4873;8.4695
68163;49.4883;8.4647
68165;49.4772;8.4818
68167;49.4996;8.4939
68169;49.5030;8.4693
68197;49.4597;8.4991
68199;49.4598;8.4881
68219;49.4883;8.4647
68229;49.4883;8.4647
68239;49.4883;8.4647
68259;49.4903;8.5339
68298;49.5287;8.4692
68299;49.5167;8.4780
68300;49.5057;8.5069
68301;49.5342;8.4852
68302;49.5055;8.5218
68305;49.5257;8.4965
68307;49.5461;8.4488
68309;49.5121;8.5316
68517;49.5382;8.5870
68519;49.5403;8.5782
68526;49.4731;8.6090
68535;49.4572;8.6064
68542;49.5056;8.6036
68549;49.4740;8.5674
68619;49.5974;8.4693
68623;49.5979;8.4725
68642;49.6427;8.4594
68647;49.6917;8.4586
68649;49.7211;8.4828
68721;49.3851;8.5791
68723;49.3822;8.5831
68753;49.2499;8.5126
68764;49.3330;8.5364
68766;49.3233;8.5519
68775;49.3678;8.5311
68782;49.3972;8.5336
68789;49.2659;8.6180
68794;49.2739;8.4717
68799;49.2983;8.5642
68804;49.3017;8.4992
68809;49.2981;8.5183
69108;49.4034;8.6835
69110;49.4010;8.6724
69111;49.4063;8.6829
69112;49.4077;8.6824
69113;49.4052;8.6762
69115;49.4062;8.6868
69117;49.4095;8.6935
69118;49.4194;8.7345
69120;49.4169;8.6764
69121;49.4322;8.6824
69123;49.4167;8.7000
69124;49.3829;8.6656
69126;49.3757;8.6911
69151;49.3890;8.7959
69159;49.2882;8.6601
69168;49.2950;8.6985
69181;49.3474;8.6873
69189;49.2934;8.6417
69190;49.3064;8.6424
69198;49.4737;8.6636
69207;49.3428;8.6592
69214;49.4019;8.6364
69221;49.4503;8.6747
69226;49.3239;8.6956
69231;49.2694;8.7034
69234;49.2842;8.7381
69239;49.4074;8.8434
69242;49.2486;8.7267
69245;49.3561;8.7794
69250;49.4366;8.8088
69251;49.3664;8.7497
69253;49.4833;8.7950
69254;49.2472;8.6828
69256;49.3408;8.8003
69257;49.3614;8.8036
69259;49.4706;8.7536
69412;49.4668;8.9902
69427;49.5344;9.2044
69429;49.4592;9.0919
69434;49.4803;8.8959
69436;49.4111;8.9278
69437;49.4000;9.0667
69439;49.4192;9.0406
69465;49.5541;8.6637
69469;49.5489;8.6670
69483;49.5700;8.8317
69488;49.5625;8.7069
69493;49.5062;8.6657
69502;49.5907;8.6478
69509;49.5992;8.7347
69514;49.6133;8.6539
69517;49.5325;8.7295
69518;49.5367;8.7875
70131;48.7855;9.1760
70134;48.7720;9.1642
70135;48.7702;9.1559
70136;48.7761;9.1746
70137;48.7781;9.1667
70138;48.7780;9.1692
70139;48.7863;9.1808
70140;48.7816;9.1767
70141;48.7734;9.1679
70143;48.8246;9.2739
70144;48.7860;9.1809
70145;48.7936;9.1902
70146;48.7915;9.1993
70148;48.7784;9.1774
70149;48.7882;9.1836
70150;48.7936;9.2036
70151;48.7708;9.1681
70152;48.7755;9.1854
70153;48.8016;9.1848
70154;48.7871;9.1904
70155;48.7882;9.1836
70158;48.7636;9.1611
70161;48.7749;9.1780
70162;48.7786;9.1709
70166;48.7485;9.1661
70167;48.7815;9.1780
70168;48.7818;9.1790
70171;48.7893;9.2085
70173;48.7786;9.1833
70174;48.7827;9.1833
70176;48.7736;9.1641
70178;48.7728;9.1731
70180;48.7649;9.1762
70182;48.7745;9.1833
70184;48.7667;9.1833
70186;48.7718;9.2042
70188;48.7819;9.2079
70190;48.7819;9.2019
70191;48.7974;9.1833
70192;48.7978;9.1833
70193;48.7736;9.1641
70195;48.7762;9.1833
70197;48.7670;9.1833
70199;48.7644;9.1678
70320;48.8103;9.1807
70322;48.7854;9.2411
70323;48.7673;9.2476
70324;48.7673;9.2705
70327;48.7726;9.2509
70329;48.7667;9.2683
70345;48.8233;9.2239
70363;48.8000;9.2201
70365;48.8096;9.1914
70366;48.8000;9.2201
70367;48.8000;9.2201
70369;48.8023;9.2239
70372;48.8056;9.2177
70374;48.8056;9.2141
70376;48.8137;9.2141
70378;48.8370;9.2270
70429;48.8425;9.2123
70431;48.8383;9.1889
70432;48.8328;9.1699
70435;48.8334;9.1833
70437;48.8363;9.1938
70439;48.8413;9.1560
70464;48.8172;9.1656
70465;48.7755;8.9045
70466;48.8140;9.1739
70467;48.8023;9.2236
70469;48.8098;9.1675
70494;48.8215;9.0958
70496;48.8247;9.1010
70499;48.8125;9.1119
70537;48.7119;9.1679
70538;48.6972;9.1435
70539;48.7202;9.1298
70545;48.7387;9.1115
70546;48.7239;9.1699
70547;48.7250;9.1234
70549;48.7225;9.1193
70550;48.7451;9.1044
70551;48.7287;9.1101
70552;48.7764;9.1629
70556;48.7764;9.1629
70560;48.7310;9.1557
70563;48.7294;9.1464
70565;48.7249;9.1464
70567;48.7258;9.1534
70569;48.7506;9.1293
70593;48.7119;9.2141
70594;48.7100;9.1993
70597;48.7446;9.1703
70599;48.7153;9.2046
70619;48.7474;9.2134
70627;48.6940;9.1924
70628;48.6940;9.1924
70629;48.7667;9.2121
70637;48.8148;9.1639
70640;48.8240;9.2983
70644;48.8023;9.2236
70730;48.8212;9.2681
70731;48.8198;9.2696
70732;48.7636;9.1611
70734;48.8086;9.2792
70736;48.8239;9.2720
70764;48.6972;9.1435
70765;48.6964;9.1454
70766;48.6957;9.1613
70767;48.6976;9.1472
70768;48.6729;9.1777
70769;48.6949;9.1661
70771;48.6941;9.1681
70788;48.6598;9.2258
70790;48.6757;9.2243
70791;48.6581;9.2231
70792;48.6553;9.2246
70794;48.6570;9.2205
70801;48.8623;9.1879
70803;48.8598;9.1792
70804;48.8618;9.1790
70806;48.8616;9.1857
70821;48.8504;9.1099
70822;48.8481;9.1179
70825;48.8167;9.1167
70836;48.8036;9.0729
70839;48.7995;9.0632
71028;48.6848;8.9842
71029;48.6842;9.0023
71032;48.6821;9.0117
71034;48.6902;8.9705
71058;48.7067;8.9981
71060;48.7082;9.0113
71063;48.7094;8.9988
71065;48.7023;9.0219
71067;48.7233;9.0077
71069;48.7172;8.9684
71083;48.5952;8.8665
71087;48.6313;9.0309
71088;48.6397;9.0115
71093;48.6227;9.0635
71101;48.6587;9.0601
71106;48.7447;8.9668
71111;48.6383;9.1326
71116;48.6418;8.9007
71120;48.7083;8.9183
71125;48.5244;8.8431
71126;48.5500;8.8167
71131;48.5750;8.7865
71134;48.6785;8.8952
71137;48.6518;8.9465
71139;48.6588;8.9412
71144;48.6667;9.1167
71148;48.5244;8.8431
71149;48.5206;8.8370
71154;48.6225;8.8901
71155;48.6311;8.9963
71157;48.6242;8.9660
71159;48.5332;8.7745
71226;48.7970;9.0127
71229;48.8000;9.0167
71252;48.8223;9.0670
71254;48.8267;9.0670
71261;48.7549;8.8689
71263;48.7495;8.8718
71272;48.7697;8.9387
71277;48.8081;8.9454
71282;48.8667;9.0333
71287;48.8469;8.9283
71292;48.8333;8.8333
71296;48.8066;8.8674
71297;48.8667;8.8667
71299;48.8500;8.8333
71327;48.8257;9.3103
71328;48.8291;9.3103
71332;48.8285;9.3131
71334;48.8430;9.3100
71336;48.8333;9.3000
71361;48.8733;9.3892
71364;48.8756;9.3982
71384;48.8092;9.3774
71394;48.8075;9.3224
71397;48.8879;9.3927
71404;48.8430;9.3626
71409;48.8773;9.3496
71520;48.9487;9.4335
71522;48.9474;9.4372
71540;48.9819;9.5705
71543;49.0808;9.4606
71546;48.9667;9.4000
71549;48.9333;9.5000
71554;48.9301;9.4769
71560;49.0030;9.5003
71563;48.9227;9.3236
71566;48.9156;9.5698
71570;48.9827;9.4585
71573;48.9066;9.4682
71576;48.9281;9.3724
71577;49.0537;9.5136
71579;49.0408;9.4444
71629;48.8904;9.1950
71630;48.8826;9.1895
71631;48.8946;9.2013
71632;48.8903;9.1855
71634;48.9076;9.1776
71636;48.8901;9.1746
71638;48.8909;9.1898
71640;48.8924;9.2180
71642;48.9070;9.2174
71665;48.9356;8.9604
71672;48.9700;9.3286
71679;48.9053;9.1350
71686;48.8783;9.2673
71691;48.9320;9.2024
71696;48.8874;9.1269
71701;48.8764;9.0744
71706;48.9049;9.0806
71711;48.9639;9.2830
71717;49.0394;9.3150
71718;49.0621;9.3670
71720;49.0261;9.3208
71723;49.0015;9.2935
71726;48.9467;9.2421
71729;48.9426;9.2962
71732;48.9199;9.1156
71735;48.8794;8.9650
71737;48.9430;9.3408
71739;48.9265;9.0270
72070;48.5241;9.0177
72072;48.5166;9.0581
72074;48.5311;9.0705
72076;48.5369;9.0536
72105;48.4728;8.9468
72108;48.4796;8.9500
72116;48.4057;9.0542
72119;48.5534;8.9722
72124;48.5593;9.2075
72127;48.5229;9.1198
72131;48.4167;9.0333
72135;48.6076;9.1004
72138;48.5331;9.1473
72141;48.5870;9.1814
72144;48.4536;9.0555
72145;48.4125;8.8874
72147;48.4310;9.0699
72149;48.4833;8.8833
72160;48.4889;8.6734
72172;48.3624;8.6331
72175;48.3501;8.5090
72178;48.5000;8.5667
72181;48.4333;8.8167
72184;48.4833;8.7500
72186;48.3926;8.7104
72189;48.3345;8.6639
72200;48.5534;8.7259
72202;48.5498;8.7237
72213;48.5865;8.6040
72218;48.6234;8.7452
72221;48.5207;8.6443
72224;48.5833;8.6833
72226;48.6167;8.5167
72227;48.5667;8.6167
72229;48.5667;8.7000
72250;48.4670;8.4137
72270;48.5032;8.3770
72275;48.3451;8.4020
72280;48.4720;8.4982
72285;48.5265;8.5658
72290;48.4000;8.4500
72291;48.3667;8.4833
72293;48.4425;8.5112
72294;48.5729;8.5454
72296;48.4548;8.5513
72297;48.5919;8.4178
72299;48.5667;8.5667
72332;48.2723;8.8545
72334;48.2736;8.8529
72336;48.2753;8.8546
72348;48.2864;8.7236
72351;48.2877;8.8124
72355;48.2100;8.7595
72356;48.2420;8.7414
72358;48.2369;8.7733
72359;48.2285;8.7923
72361;48.1983;8.8363
72362;48.1326;8.8915
72364;48.1630;8.8611
72365;48.1937;8.7952
72367;48.1898;8.7649
72369;48.2205;8.7193
72379;48.3515;8.9632
72393;48.2911;9.1129
72401;48.3661;8.8036
72406;48.3101;8.9174
72411;48.3889;8.9770
72414;48.3817;8.8894
72415;48.3323;8.8870
72417;48.3279;9.0410
72419;48.2477;9.1831
72458;48.2135;9.0263
72459;48.2167;9.0167
72461;48.2510;9.0182
72469;48.1832;8.9657
72474;48.1833;9.1167
72475;48.2440;9.0914
72477;48.1000;9.0000
72479;48.1780;9.0906
72488;48.0883;9.2303
72501;48.2524;9.2235
72505;48.0165;9.2476
72510;48.1167;9.0833
72511;48.1113;9.2724
72513;48.2160;9.2317
72514;48.0703;9.1800
72516;48.0729;9.2949
72517;48.0659;9.2621
72519;48.1851;9.2108
72525;48.4113;9.4970
72531;48.3489;9.3327
72532;48.3998;9.3906
72534;48.2753;9.4776
72535;48.4469;9.6685
72537;48.3761;9.5660
72539;48.2764;9.3600
72555;48.5370;9.2833
72574;48.4911;9.4001
72581;48.5308;9.3446
72582;48.5240;9.4615
72584;48.5198;9.4079
72585;48.5603;9.2688
72587;48.4962;9.5473
72589;48.5151;9.6242
72622;48.6256;9.3420
72631;48.6333;9.2667
72636;48.5935;9.3601
72639;48.5546;9.3755
72644;48.6500;9.3667
72649;48.6500;9.2833
72654;48.5898;9.2348
72655;48.5942;9.2716
72657;48.5914;9.2219
72658;48.5718;9.2683
72660;48.5693;9.4041
72661;48.5650;9.3019
72663;48.5905;9.3078
72664;48.5584;9.3358
72666;48.6117;9.2637
72667;48.6043;9.2227
72669;48.6545;9.3580
72757;48.4910;9.2110
72758;48.4867;9.2227
72760;48.5094;9.2040
72762;48.4845;9.1939
72764;48.4931;9.2125
72766;48.5110;9.2232
72768;48.4833;9.2167
72770;48.4942;9.1666
72780;48.4965;9.1479
72781;48.7885;9.1800
72793;48.4646;9.2280
72800;48.4869;9.2595
72805;48.4396;9.2528
72810;48.4535;9.0958
72813;48.4833;9.3167
72818;48.3084;9.2449
72820;48.3833;9.1833
72827;48.5167;9.1500
72829;48.3934;9.3049
73025;48.7030;9.6592
73027;48.7000;9.6583
73033;48.7075;9.6514
73035;48.7000;9.6667
73037;48.6959;9.6647
73047;48.6899;9.7281
73054;48.6944;9.7009
73061;48.7160;9.5236
73066;48.7048;9.5857
73072;48.6854;9.8105
73079;48.6793;9.7553
73084;48.6920;9.7371
73087;48.6436;9.6130
73092;48.6618;9.6498
73095;48.6914;9.5649
73098;48.7308;9.6442
73099;48.7623;9.5999
73101;48.6356;9.5637
73102;48.7473;9.6611
73104;48.7538;9.6318
73105;48.6408;9.6354
73107;48.6526;9.6704
73108;48.6402;9.6507
73110;48.6665;9.5746
73111;48.7101;9.8651
73113;48.7365;9.7484
73114;48.6532;9.7062
73116;48.7599;9.6873
73117;48.7293;9.6117
73119;48.6488;9.5714
73207;48.7107;9.4195
73227;48.6242;9.4507
73228;48.6456;9.4413
73230;48.6468;9.4538
73235;48.6157;9.5375
73240;48.6712;9.3763
73249;48.6931;9.4153
73252;48.5581;9.4663
73257;48.6833;9.3667
73262;48.7101;9.4643
73265;48.6167;9.4500
73266;48.5991;9.4915
73268;48.5566;9.4321
73269;48.6928;9.4649
73271;48.6333;9.5167
73272;48.5787;9.5645
73274;48.6708;9.4572
73275;48.6460;9.5270
73277;48.5874;9.4498
73278;48.6736;9.5181
73309;48.6211;9.8312
73312;48.6159;9.8274
73326;48.5971;9.7189
73329;48.6358;9.7999
73333;48.6598;9.7809
73337;48.5999;9.7959
73340;48.5788;9.8739
73342;48.5883;9.7039
73344;48.5948;9.6439
73345;48.5500;9.6833
73347;48.5667;9.6500
73349;48.5613;9.6254
73425;48.8341;10.0930
73427;48.7946;9.8019
73428;48.8371;10.0936
73430;48.8409;10.0931
73431;48.8220;10.0654
73432;48.8333;10.1000
73433;48.8641;10.1044
73434;48.8333;10.1000
73441;48.8585;10.3542
73446;48.7830;10.1021
73447;48.7838;10.1052
73450;48.7551;10.3304
73453;48.8950;10.0017
73457;48.8086;10.0277
73460;48.8927;10.1006
73463;48.8833;10.1833
73466;48.8713;10.2422
73467;48.8792;10.4003
73469;48.8500;10.4333
73477;48.9621;10.1308
73479;48.9623;10.1545
73485;48.9333;10.3667
73486;48.9548;10.0047
73488;49.0167;10.2167
73489;49.0306;10.0975
73491;48.9280;10.0689
73492;48.9333;10.1500
73494;49.0189;10.0296
73495;49.0000;10.3000
73497;48.9787;10.3613
73499;49.0305;10.2724
73520;48.7821;9.8513
73521;48.7821;9.8513
73522;48.8016;9.8073
73524;48.7821;9.8513
73525;48.7989;9.7989
73527;48.8497;9.8382
73529;48.7852;9.8176
73538;48.7866;9.9372
73540;48.7927;9.9337
73547;48.7983;9.6914
73550;48.7661;9.8213
73553;48.8438;9.7186
73557;48.8259;9.7971
73560;48.8196;9.9213
73563;48.8232;9.9625
73565;48.8806;9.7622
73566;48.7535;9.9875
73568;48.8563;9.7965
73569;48.8945;9.9094
73571;48.8612;9.8840
73572;48.8522;9.9439
73574;48.8317;9.8789
73575;48.8494;9.8775
73577;48.8828;9.8151
73579;48.8734;9.9174
73614;48.8054;9.5272
73630;48.8151;9.4239
73635;48.8852;9.5293
73642;48.8768;9.6343
73650;48.7992;9.4791
73655;48.7988;9.5959
73660;48.8168;9.5769
73663;48.8667;9.4667
73666;48.7422;9.4494
73667;48.9302;9.6390
73669;48.7500;9.4833
73726;48.7365;9.3136
73728;48.7394;9.3061
73730;48.7323;9.3255
73732;48.7690;9.3122
73733;48.7500;9.3000
73734;48.7361;9.2977
73760;48.7270;9.2495
73765;48.6833;9.2833
73770;48.6955;9.3167
73773;48.7503;9.3870
73776;48.7227;9.3808
73779;48.7122;9.3861
74064;49.1420;9.2181
74065;49.1643;9.2162
74066;49.1624;9.2156
74067;49.1320;9.2170
74068;49.1346;9.2133
74071;50.9235;6.8714
74072;49.1423;9.2234
74074;49.1286;9.2214
74076;49.1618;9.2193
74078;49.1566;9.1746
74080;49.1386;9.1954
74081;49.1236;9.1970
74099;49.1815;9.1552
74166;49.1718;9.2231
74167;49.1830;9.2363
74168;49.1817;9.2327
74169;49.1831;9.2175
74170;49.1942;9.2326
74172;49.1891;9.2253
74177;49.2344;9.2145
74182;49.1361;9.3774
74189;49.1513;9.2876
74193;49.1449;9.0553
74196;49.2350;9.3322
74199;49.0894;9.2752
74206;49.2297;9.1565
74211;49.1464;9.1169
74214;49.3524;9.5088
74219;49.3249;9.3584
74223;49.1031;9.2108
74226;49.1086;9.1278
74229;49.2403;9.2533
74232;49.0682;9.2907
74235;49.1725;9.2683
74238;49.3879;9.6355
74239;49.2586;9.3894
74243;49.2169;9.4049
74245;49.0956;9.3800
74246;49.1803;9.3211
74248;49.1467;9.3219
74249;49.3106;9.4683
74251;49.1311;9.3272
74252;49.1778;9.0433
74254;49.2458;9.1606
74255;49.3647;9.3400
74257;49.2111;9.2019
74259;49.3183;9.4221
74319;48.9553;9.1348
74321;48.9441;9.1175
74336;49.0779;9.0660
74337;49.0651;9.0640
74343;48.9584;9.0708
74348;49.0734;9.1457
74354;48.9980;9.1427
74357;49.0402;9.0939
74360;49.0555;9.2460
74363;49.0664;9.0017
74366;49.0450;9.1422
74369;49.0036;9.1064
74372;48.9667;9.0167
74374;49.0561;8.9269
74376;49.0283;9.1556
74379;48.9611;9.1761
74382;49.0469;9.1900
74385;48.9592;9.2031
74388;49.0833;9.1931
74389;49.0450;9.0369
74391;49.0225;9.0972
74392;49.0097;9.0592
74394;48.9941;9.1863
74395;49.0008;9.2078
74397;49.0644;8.9764
74399;49.0142;9.1511
74405;49.0003;9.7695
74417;48.9333;9.7444
74420;49.0144;9.6672
74423;49.0567;9.8992
74424;49.0417;9.9086
74426;49.0033;9.9206
74427;48.9860;9.7120
74429;48.9667;9.8500
74509;49.1093;9.7350
74520;49.1129;9.7465
74523;49.1113;9.7391
74532;49.1702;9.9183
74535;49.0761;9.5564
74538;49.0833;9.7000
74541;49.0843;9.8791
74542;49.1992;9.7906
74544;49.0703;9.7625
74545;49.1180;9.6433
74547;49.1525;9.7338
74549;49.1675;9.8447
74564;49.1344;10.0719
74569;49.2996;9.9601
74571;49.2996;9.9601
74572;49.2978;9.9739
74575;49.3453;9.9794
74579;49.0667;10.2167
74582;49.2517;9.9219
74585;49.2500;10.0167
74586;49.0833;9.9833
74587;49.1707;10.0801
74588;49.1707;10.0801
74589;49.1695;10.0796
74592;49.2006;9.9823
74594;49.1333;10.1833
74595;49.2540;9.8567
74597;49.0614;10.0927
74599;49.2104;10.0622
74611;49.2018;9.5028
74613;49.1988;9.5072
74626;49.1794;9.4383
74629;49.1781;9.5050
74632;49.2049;9.5800
74635;49.2278;9.6900
74638;49.1847;9.6399
74639;49.2564;9.5181
74650;49.2593;9.6826
74651;49.2854;9.6868
74653;49.3003;9.6835
74670;49.2887;9.5603
74673;49.3403;9.8008
74676;49.2952;9.6160
74677;49.3835;9.7073
74679;49.2972;9.5953
74706;49.4300;9.4225
74722;49.5200;9.3240
74731;49.5836;9.3664
74736;49.6119;9.4719
74740;49.4015;9.3925
74743;49.4422;9.3342
74744;49.5083;9.5269
74746;49.6025;9.4286
74747;49.3939;9.5325
74749;49.4558;9.4731
74819;49.3511;9.1452
74821;49.3536;9.1511
74831;49.2833;9.1604
74832;49.2784;9.1944
74834;49.3897;9.2106
74838;49.4619;9.2111
74842;49.3486;9.2539
74847;49.3519;9.0908
74850;49.3956;9.2728
74855;49.3000;9.1500
74858;49.3569;8.9869
74861;49.2918;9.2698
74862;49.3683;9.0581
74864;49.4314;9.1506
74865;49.3192;9.1328
74867;49.3869;9.0106
74869;49.3711;8.9832
74887;49.2542;8.8792
74889;49.2529;8.8787
74903;49.2126;9.0644
74904;49.2384;9.1096
74906;49.2385;9.1018
74909;49.3217;8.8194
74912;49.2050;8.9917
74915;49.2951;8.9177
74918;49.2331;8.7705
74921;49.3100;9.0000
74924;49.2963;8.9638
74925;49.3392;8.9078
74927;49.3194;8.8653
74928;49.2919;9.0817
74930;49.1908;8.9308
74931;49.3664;8.8917
74933;49.3167;8.8847
74934;49.3550;8.9453
74936;49.2697;9.0897
74937;49.3464;8.8833
74939;49.2964;8.8225
75013;49.0373;8.6973
75015;49.0369;8.7075
75031;49.1364;8.9123
75038;49.0656;8.8031
75045;49.0257;8.5861
75050;49.1564;8.9819
75053;49.0592;8.6583
75056;49.1047;8.8558
75057;49.0775;8.8456
75059;49.1067;8.8128
75093;48.9123;8.7163
75158;48.8908;8.7028
75159;48.8908;8.6924
75162;48.8924;8.6990
75166;48.9012;8.6692
75169;48.8763;8.6761
75170;48.8931;8.6831
75172;48.8919;8.6985
75173;48.8833;8.7000
75175;48.8915;8.7156
75177;48.8833;8.7000
75179;48.9006;8.6697
75180;48.8696;8.6704
75181;48.8851;8.7307
75194;48.9527;8.5714
75196;48.9513;8.5732
75203;48.9659;8.6057
75210;48.9000;8.5833
75217;48.8667;8.6333
75223;48.9167;8.7833
75228;48.9167;8.6667
75233;48.8240;8.8013
75236;48.9300;8.6448
75239;48.9500;8.6667
75242;48.7926;8.7765
75245;48.9667;8.7000
75248;48.9667;8.7500
75249;48.9333;8.7500
75305;48.8452;8.5957
75323;48.7500;8.5500
75328;48.7871;8.6450
75331;48.8333;8.6500
75334;48.8466;8.5431
75335;48.8000;8.5000
75337;48.6664;8.4708
75339;48.8000;8.5833
75363;48.7160;8.7384
75365;48.7142;8.7403
75378;48.7743;8.7297
75382;48.7232;8.7943
75385;48.6905;8.6928
75387;48.6609;8.6961
75389;48.6667;8.6000
75391;48.6953;8.8291
75392;48.6513;8.8242
75394;48.7333;8.6667
75395;48.7263;8.8482
75397;48.7513;8.8114
75399;48.8250;8.7088
75415;48.9532;8.8543
75417;48.9475;8.8367
75428;48.9562;8.9246
75433;48.9996;8.8034
75438;49.0249;8.7561
75443;48.9667;8.8000
75446;48.8833;8.8500
75447;49.0514;8.8508
75449;48.8667;8.8167
76006;49.0080;8.4200
76070;49.0316;8.3579
76073;49.0045;8.4381
76088;49.0057;8.4017
76089;49.0027;8.3860
76097;49.0047;8.3962
76098;48.9945;8.3987
76107;49.0056;8.4369
76109;49.0057;8.4017
76110;49.0057;8.4017
76111;49.0045;8.4045
76112;48.9989;8.3980
76113;49.0107;8.4056
76114;48.9819;8.3695
76115;48.9881;8.3732
76117;49.0089;8.3974
76118;49.0057;8.4017
76119;49.0104;8.4000
76120;49.0206;8.4681
76121;48.9971;8.3792
76122;49.0046;8.3796
76123;49.0028;8.3809
76124;49.0086;8.4035
76125;49.0077;8.4009
76126;49.0044;8.4009
76127;49.0050;8.4045
76128;49.0080;8.4106
76131;49.0078;8.4199
76133;49.0083;8.3979
76135;48.9907;8.3719
76137;49.0019;8.4287
76139;49.0047;8.3858
76147;49.0477;8.3912
76149;49.0401;8.3936
76150;49.0107;8.3851
76180;49.0056;8.4369
76181;49.0238;8.3486
76182;49.0119;8.3518
76185;49.0111;8.3601
76187;49.0224;8.3742
76189;49.0148;8.3521
76199;48.9661;8.4043
76225;49.0007;8.4669
76227;49.0003;8.4776
76228;49.0047;8.3858
76229;49.0047;8.3858
76230;48.9911;8.4686
76240;49.0138;8.3979
76243;49.0057;8.4017
76245;49.0052;8.4143
76246;48.9819;8.3695
76247;49.0107;8.4056
76248;49.0012;8.3594
76249;49.0012;8.3594
76253;49.0012;8.3594
76273;48.9415;8.3914
76275;48.9409;8.4076
76287;48.9685;8.3070
76297;49.0967;8.4896
76307;48.9167;8.5000
76314;48.8893;8.3123
76316;48.8833;8.3333
76327;49.0044;8.5209
76332;48.7979;8.4362
76337;48.9183;8.4923
76344;49.0901;8.3988
76351;49.1320;8.4124
76356;49.0546;8.5268
76359;48.8667;8.4500
76432;48.8655;8.2207
76437;48.8585;8.2096
76448;48.9333;8.2667
76456;48.8279;8.2542
76461;48.8667;8.2833
76467;48.9092;8.2520
76470;48.8909;8.2344
76473;48.8217;8.1431
76474;48.9500;8.2333
76476;48.8377;8.2841
76477;48.9333;8.2167
76479;48.9010;8.1969
76517;48.7952;8.1937
76519;48.7781;8.2166
76520;48.7663;8.2409
76521;48.7781;8.2155
76522;48.7494;8.2234
76523;48.7551;8.2380
76524;48.7888;8.1914
76526;48.7858;8.2212
76527;48.7781;8.2166
76530;48.7663;8.2031
76532;48.8038;8.1308
76534;48.7150;8.1442
76547;48.7667;8.1667
76549;48.8000;8.1167
76568;48.8194;8.3391
76571;48.8000;8.3333
76593;48.7703;8.3431
76596;48.6833;8.3500
76597;48.7721;8.3846
76599;48.7276;8.3538
76642;49.1235;8.5782
76643;49.1246;8.5960
76646;49.1243;8.5980
76661;49.2317;8.4607
76669;49.2069;8.6436
76676;49.1669;8.4924
76684;49.2191;8.7119
76689;49.1347;8.5303
76694;49.1586;8.5808
76698;49.1630;8.6316
76703;49.1396;8.7715
76706;49.1717;8.4242
76707;49.1900;8.5406
76709;49.2225;8.6311
76725;49.2198;8.3736
76726;49.2231;8.3639
76742;49.0493;8.2805
76744;49.0650;8.2596
76751;49.0929;8.2747
76756;49.1983;8.2794
76761;49.1531;8.2929
76764;49.1181;8.2781
76767;49.0173;8.2502
76768;48.9833;8.2000
76770;49.1111;8.2453
76771;49.1658;8.3264
76773;49.1458;8.3144
76774;49.1242;8.3453
76776;48.9833;8.2500
76777;49.1178;8.3194
76779;48.9812;8.1399
76825;49.1977;8.1171
76826;49.2086;8.1254
76828;49.1950;8.1307
76829;49.1958;8.0286
76831;49.1622;8.0550
76833;49.2369;8.0933
76835;49.2478;8.0950
76846;49.1921;7.8549
76848;49.1833;7.8833
76855;49.2061;7.9753
76857;49.1906;7.9667
76863;49.1525;8.2550
76865;49.1581;8.1472
76870;49.0828;8.1972
76872;49.0978;8.1414
76877;49.1955;8.1978
76878;49.2150;8.1745
76879;49.2225;8.2089
76887;49.1000;7.9608
76889;49.0989;8.0078
76891;49.0966;7.8293
77633;48.4659;7.8788
77642;48.4731;7.9778
77644;48.4820;7.9535
77646;48.4377;7.9322
77647;48.4815;7.9207
77652;48.4765;7.9438
77654;48.4651;7.9559
77656;48.4639;7.9313
77663;48.4820;7.9535
77694;48.5730;7.8152
77704;48.5324;8.0786
77709;48.3167;8.2167
77716;48.2777;8.0894
77723;48.4048;8.0143
77728;48.4733;8.1597
77731;48.5407;7.8931
77736;48.3465;8.0670
77740;48.4333;8.2167
77743;48.4500;7.8250
77746;48.4500;7.8833
77749;48.4167;7.9167
77756;48.2843;8.1760
77761;48.2893;8.3417
77767;48.5333;7.9833
77770;48.4935;8.0174
77773;48.3120;8.3721
77776;48.4000;8.3333
77781;48.3333;8.0333
77784;48.3736;8.1254
77787;48.4000;8.0833
77790;48.3000;8.0500
77791;48.4060;7.9867
77793;48.2484;8.2129
77794;48.5207;8.1151
77796;48.2500;8.1167
77797;48.4322;7.9938
77799;48.4516;7.9718
77813;48.6946;8.1253
77815;48.6968;8.1352
77830;48.6857;8.1888
77833;48.6702;8.1132
77836;48.7583;8.0500
77839;48.7261;8.0049
77855;48.6312;8.0761
77866;48.6660;7.9366
77869;48.5812;8.0047
77871;48.5885;8.0132
77876;48.5918;8.1169
77880;48.6397;8.0937
77883;48.5667;8.1500
77886;48.6500;8.1333
77887;48.6167;8.1333
77889;48.5762;8.1705
77926;48.3603;7.8129
77929;48.3503;7.8194
77931;48.3394;7.8725
77933;48.3372;7.8704
77944;48.3670;7.8830
77948;48.3667;7.8833
77955;48.2570;7.8125
77960;48.3106;7.9407
77963;48.3667;7.7624
77966;48.2838;7.7660
77971;48.2956;7.8251
77972;48.2864;7.8141
77974;48.4103;7.7727
77975;48.2477;7.7782
77977;48.2667;7.7333
77978;48.2667;7.9500
78041;48.0543;8.4646
78044;48.0662;8.5420
78045;48.0599;8.4580
78046;48.0614;8.5345
78048;48.0667;8.4500
78050;48.0667;8.4500
78052;48.0667;8.4500
78054;48.0667;8.4500
78056;48.0667;8.4500
78060;48.0709;8.5714
78073;48.0209;8.5306
78078;48.1333;8.5333
78083;48.0899;8.5501
78086;48.0167;8.4667
78087;48.1004;8.4222
78089;48.0795;8.3657
78098;48.1363;8.2365
78112;48.1272;8.3351
78120;48.0516;8.2071
78126;48.1381;8.4197
78132;48.2107;8.2327
78136;48.1423;8.2029
78141;48.1055;8.2039
78144;48.1904;8.3518
78147;48.0500;8.3000
78148;48.0500;8.1500
78166;47.9551;8.4971
78176;47.8406;8.5333
78183;47.9254;8.4883
78187;47.9250;8.6500
78194;47.9333;8.7333
78199;47.9296;8.4481
78221;47.7620;8.8398
78224;47.7593;8.8403
78234;47.8553;8.7734
78239;47.7346;8.8401
78244;47.7351;8.7769
78247;47.7667;8.7833
78250;47.8213;8.6612
78253;47.8580;8.8978
78256;47.8000;8.9333
78259;47.8110;8.8122
78262;47.7000;8.7500
78266;47.7000;8.6833
78267;47.8424;8.8538
78269;47.8167;8.8667
78315;47.7419;8.9710
78333;47.8511;9.0091
78337;47.6619;8.8867
78343;47.6833;8.9833
78345;47.7244;8.9348
78351;47.8182;9.0554
78354;47.7968;9.0974
78355;47.8850;9.1082
78357;47.9167;9.0167
78359;47.8427;8.9591
78454;47.6721;9.1588
78455;47.6727;9.1555
78457;47.6895;9.1882
78458;49.9815;9.2761
78459;47.6721;9.1588
78461;47.6713;9.1810
78462;47.6613;9.1752
78464;47.6723;9.1834
78465;47.6667;9.1833
78467;47.6744;9.1649
78476;47.7154;9.0714
78479;47.6889;9.0635
78532;47.9846;8.8177
78549;48.0748;8.7351
78554;48.1000;8.7000
78559;48.1343;8.7543
78564;48.1453;8.8500
78567;48.0196;8.9232
78570;48.0312;8.8836
78573;48.0000;8.7833
78576;47.9333;8.8833
78579;47.9726;8.9276
78580;48.0667;8.9333
78582;48.0667;8.7667
78583;48.1000;8.8000
78585;48.1167;8.8333
78586;48.1741;8.7853
78588;48.1111;8.7382
78589;48.0562;8.7934
78591;48.0397;8.6749
78592;48.1172;8.8564
78594;48.0500;8.7000
78595;48.0537;8.7247
78597;48.0667;8.9667
78598;48.1000;8.8667
78600;48.0523;8.8896
78601;48.0748;8.8351
78603;48.0833;8.9000
78604;48.0167;8.7667
78606;48.0167;8.7167
78607;48.0167;8.6667
78609;48.0333;8.6000
78628;48.1678;8.6272
78647;48.0767;8.6441
78652;48.1123;8.6074
78655;48.2124;8.5062
78658;48.1666;8.5944
78661;48.2048;8.6486
78662;48.2333;8.5500
78664;48.2500;8.4667
78665;48.1271;8.7077
78667;48.2000;8.5833
78669;48.1474;8.7037
78711;48.2293;8.3836
78713;48.2240;8.3858
78727;48.3005;8.5738
78730;48.2333;8.3500
78733;48.2672;8.4023
78736;48.2500;8.6000
78737;48.2917;8.4917
78739;48.1833;8.4167
79071;47.9915;7.7950
79073;47.9963;7.8367
79077;47.9986;7.8474
79078;48.0030;7.8315
79079;48.0048;7.8524
79080;48.0028;7.8532
79081;47.9994;7.8567
79083;47.9965;7.8518
79084;48.0011;7.8331
79086;48.0061;7.8521
79088;48.0335;7.8504
79090;48.0346;7.8585
79091;47.9892;7.7899
79093;48.0335;7.8504
79094;47.9991;7.8530
79095;48.0011;7.8435
79098;47.9942;7.8470
79100;47.9809;7.8327
79102;48.0000;7.8500
79104;48.0098;7.8545
79106;48.0000;7.8500
79108;48.0339;7.8418
79110;48.0207;7.8167
79111;47.9809;7.7957
79112;48.0000;7.8500
79114;48.0018;7.8180
79115;47.9793;7.8220
79117;47.9874;7.8945
79138;48.0030;7.8315
79139;47.9773;7.8289
79140;48.0394;7.8193
79183;48.0959;7.9637
79188;47.9188;7.6921
79189;47.9167;7.7000
79194;48.0500;7.9000
79199;47.9667;7.9500
79206;48.0328;7.5829
79211;48.0667;7.8833
79215;48.2000;8.0699
79219;47.8823;7.7282
79224;48.0333;7.7667
79227;47.9585;7.7575
79232;48.0681;7.7788
79235;48.0833;7.6333
79238;47.9156;7.7519
79241;48.0430;7.6476
79244;47.8500;7.7833
79249;47.9667;7.8333
79252;47.9833;7.9667
79254;47.9333;7.9500
79256;47.9614;8.0091
79258;47.9333;7.6333
79261;48.1167;7.9833
79263;48.1004;8.0525
79268;48.0764;7.7248
79271;48.0147;8.0329
79274;48.0080;8.0928
79276;48.0833;7.8167
79279;48.0667;7.8500
79280;47.9500;7.8333
79282;47.8583;7.6917
79283;47.9214;7.7899
79285;47.9578;7.7765
79286;48.0508;7.9634
79288;48.0500;7.7333
79289;47.9333;7.8667
79291;48.0167;7.6833
79292;47.9333;7.7500
79294;47.9333;7.8167
79295;47.8412;7.7078
79297;48.1440;8.0469
79299;47.9500;7.8167
79310;48.1290;7.8250
79312;48.1210;7.8536
79330;48.1055;7.7834
79331;48.1295;7.8121
79336;48.2188;7.7775
79341;48.1963;7.7697
79346;48.1333;7.7000
79348;48.1667;7.9167
79350;48.1021;7.9076
79353;48.1228;7.7389
79356;48.0833;7.7333
79359;48.1500;7.7500
79361;48.1333;7.6167
79362;48.1667;7.7000
79364;48.1572;7.7861
79365;48.2266;7.7109
79367;48.1994;7.6771
79369;48.1667;7.6500
79379;47.8082;7.6303
79395;47.8143;7.5601
79400;47.7139;7.6624
79410;47.8022;7.6724
79415;47.7315;7.5576
79418;47.7570;7.5764
79423;47.8747;7.6572
79424;47.7833;7.6000
79426;47.8475;7.6380
79427;47.8910;7.6554
79429;47.7333;7.7083
79513;47.6324;7.6594
79533;47.6148;7.6667
79537;47.6146;7.6615
79539;47.6181;7.6589
79540;47.6167;7.6667
79541;47.6335;7.6922
79574;47.6018;7.6064
79576;47.5933;7.6208
79578;47.6500;7.7330
79585;47.6500;7.7333
79588;47.6500;7.5667
79589;47.6333;7.6167
79591;47.6333;7.6000
79592;47.6500;7.6000
79594;47.5885;7.6909
79595;47.6412;7.6420
79597;47.6500;7.6333
79599;47.6553;7.6511
79618;47.5723;7.7842
79639;47.5500;7.6833
79650;47.6511;7.8209
79662;47.6195;7.9050
79664;47.6298;7.9042
79669;47.7055;7.8525
79674;47.8294;7.9438
79677;47.7862;7.8869
79682;47.7401;8.0018
79683;47.7739;7.8272
79685;47.7417;7.9083
79686;47.6534;7.8972
79688;47.6833;7.8500
79689;47.6463;7.7821
79691;47.7956;7.8274
79692;47.7505;7.7969
79694;47.8000;7.9167
79695;47.8414;7.8820
79697;47.7479;7.7675
79699;47.6880;7.7980
79713;47.5537;7.9461
79725;47.5651;8.0604
79730;47.5549;8.0218
79733;47.6427;8.0748
79736;47.6190;7.9787
79737;47.6667;8.0000
79739;47.5931;7.8784
79749;47.6206;8.2183
79761;47.6232;8.2172
79771;47.6500;8.4000
79774;47.5908;8.1295
79777;47.7167;8.3167
79780;47.7458;8.4481
79787;47.6270;8.3144
79790;47.6000;8.3200
79793;47.6602;8.3675
79798;47.6500;8.5667
79801;47.5700;8.4325
79802;47.6233;8.4851
79804;47.6095;8.1671
79805;47.7000;8.4000
79807;47.6333;8.5667
79809;47.6667;8.2333
79821;47.9117;8.2144
79822;47.9210;8.1906
79837;47.7500;8.1271
79843;47.8841;8.3438
79848;47.8186;8.3414
79853;47.8683;8.2021
79856;47.9028;8.1070
79859;47.8167;8.1833
79862;47.7333;8.1667
79865;47.7750;8.2573
79868;47.8650;8.0704
79871;47.9667;8.2667
79872;47.8002;8.0383
79874;47.9333;8.0833
79875;47.7295;8.1000
79877;47.9178;8.2563
79879;47.8333;8.4333
80097;48.1463;11.5573
80200;48.0906;11.6556
80217;48.1444;11.5493
80218;48.1452;11.6819
80219;48.1449;11.4850
80221;48.1434;11.5721
80222;48.1384;11.5501
80240;48.1153;11.5974
80248;48.1325;11.6203
80249;48.1414;11.5728
80250;48.1282;11.6089
80251;48.1437;11.5363
80258;48.1397;11.5276
80259;48.1464;11.5427
80260;48.1769;11.5326
80263;48.1601;11.5755
80264;48.1745;11.5289
80266;48.1406;11.5295
80267;48.1503;11.5511
80268;48.1464;11.5737
80269;48.1451;11.5436
80270;48.1527;11.5138
80271;48.1378;11.5571
80272;48.1406;11.5837
80273;48.1397;11.5730
80275;48.1430;11.5653
80276;48.1426;11.5668
80277;48.1444;11.5730
80278;48.1515;11.5982
80279;48.1328;11.5666
80280;48.1429;11.5525
80281;48.1458;11.5786
80282;48.1386;11.5556
80283;48.1344;11.5581
80285;48.0883;11.6429
80287;48.1724;11.5323
80289;48.1371;11.6354
80290;48.1489;11.5680
80291;48.1046;11.6453
80292;48.1449;11.5519
80294;48.1490;11.5219
80295;48.1379;11.5223
80297;48.1325;11.5839
80298;48.1266;11.5706
80300;48.1441;11.5546
80301;48.1454;11.5430
80302;48.1463;11.5455
80303;48.1463;11.5455
80304;48.1255;11.5591
80306;48.1314;11.5856
80308;48.1367;11.5688
80309;48.1395;11.5691
80310;48.1153;11.5974
80311;48.1499;11.6175
80313;48.1378;11.5753
80314;48.1153;11.5974
80315;48.1405;11.5700
80316;48.1403;11.5645
80317;48.1153;11.5974
80318;48.1347;11.5651
80319;48.1449;11.4850
80320;48.1451;11.5552
80322;48.1489;11.5238
80323;48.1426;11.5570
80324;48.1449;11.4850
80325;48.1580;11.5565
80326;48.1371;11.5703
80327;48.1409;11.5741
80328;48.1503;11.5753
80329;48.1585;11.5256
80331;48.1345;11.5710
80333;48.1452;11.5668
80335;48.1427;11.5552
80336;48.1345;11.5590
80337;48.1224;11.5449
80339;48.1388;11.5341
80340;48.0965;11.5150
80466;48.1238;11.5517
80469;48.1299;11.5732
80524;48.1434;11.5767
80525;48.1422;11.5908
80530;48.1383;11.5906
80534;48.1385;11.5860
80535;48.1442;11.5849
80538;48.1401;11.5885
80539;48.1500;11.5833
80632;48.1574;11.5396
80634;48.1492;11.5328
80636;48.1558;11.5409
80637;48.1725;11.5284
80638;48.1595;11.4932
80639;48.1526;11.5154
80682;48.1449;11.4850
80684;48.1329;11.5210
80686;48.1380;11.5070
80687;48.1414;11.5020
80689;48.1291;11.4895
80700;48.1403;11.6057
80786;48.1925;11.6077
80787;48.1877;11.6022
80788;48.1877;11.6022
80789;48.1749;11.5861
80790;48.1544;11.5886
80791;48.1706;11.5875
80792;48.1589;11.5604
80794;48.1540;11.5837
80796;48.1500;11.5833
80797;48.1611;11.5586
80798;48.1500;11.5833
80799;48.1500;11.5833
80801;48.1500;11.5833
80802;48.1665;11.5903
80803;48.1500;11.5833
80804;48.1738;11.5858
80805;48.1725;11.5964
80807;48.1827;11.5759
80809;48.1787;11.5617
80920;48.1817;11.5974
80931;48.1887;11.6271
80933;48.2225;11.5480
80935;48.2043;11.5585
80937;48.1974;11.5721
80939;48.2054;11.6238
80991;48.1768;11.5235
80992;48.1776;11.5169
80993;48.1823;11.5331
80995;48.1976;11.5181
80997;48.1834;11.4784
80999;48.1853;11.4643
81236;48.1437;11.4735
81237;48.1435;11.4747
81238;48.1478;11.4618
81241;48.1475;11.4635
81243;48.1465;11.4506
81245;48.1616;11.4141
81247;48.1662;11.4673
81248;48.1616;11.4141
81249;48.1500;11.5833
81340;48.1114;11.5504
81350;48.1335;11.5283
81355;48.1335;11.5283
81356;48.1335;11.5283
81357;48.0965;11.5329
81358;48.0965;11.5329
81359;48.1335;11.5283
81360;48.1335;11.5283
81362;48.1335;11.5283
81363;48.1335;11.5283
81364;48.1335;11.5283
81365;48.1335;11.5283
81366;48.1118;11.5265
81367;48.1227;11.4530
81369;48.1125;11.5306
81371;48.1167;11.5478
81373;48.1171;11.5393
81375;48.1188;11.4917
81377;48.1204;11.5001
81379;48.0988;11.5204
81475;48.1500;11.5833
81476;48.0844;11.4923
81477;48.0834;11.5036
81479;48.0915;11.5392
81531;48.1114;11.5504
81533;48.1042;11.6004
81534;48.1532;11.6205
81535;48.1135;11.5881
81536;48.1099;11.5791
81537;48.1377;11.5898
81539;48.1102;11.5899
81541;48.1159;11.5795
81543;48.1203;11.5733
81545;48.0827;11.5619
81547;48.0982;11.5821
81549;48.1089;11.6074
81550;48.1383;11.5906
81627;48.1363;11.5943
81655;48.1282;11.6089
81658;48.1329;11.6108
81660;48.1310;11.6120
81662;48.1206;11.6071
81663;48.0444;11.6234
81664;48.1322;11.6217
81665;48.1323;11.6137
81667;48.1285;11.5975
81669;48.1226;11.6035
81671;48.1223;11.6205
81673;48.1265;11.6317
81675;48.1352;11.6039
81677;48.1381;11.6147
81679;48.1512;11.6103
81713;48.0970;11.6458
81716;48.3659;10.8578
81718;48.1050;11.6394
81723;48.1383;11.5692
81725;48.1051;11.6421
81726;48.0808;11.6161
81727;48.1046;11.6453
81728;48.1032;11.6454
81729;48.1029;11.6481
81731;48.1050;11.6394
81732;48.0983;11.6458
81733;48.1032;11.6454
81735;48.1134;11.6466
81737;48.1098;11.6183
81739;48.1500;11.5833
81823;48.1344;11.6926
81825;48.1180;11.6612
81827;48.1147;11.6972
81829;48.1404;11.6802
81911;48.1873;11.6518
81918;48.1532;11.6169
81919;48.1490;11.6221
81920;48.1490;11.6221
81921;48.1488;11.6233
81925;48.1642;11.6218
81927;48.1611;11.6394
81929;48.1408;11.6366
81987;48.1489;11.5238
81988;48.1489;11.5238
81989;48.1489;11.5238
81995;48.1489;11.5238
81999;48.1489;11.5238
82008;48.0660;11.6156
82024;48.0486;11.6170
82030;48.0669;11.5483
82031;48.0395;11.5232
82032;48.0182;11.5888
82038;48.0306;11.5798
82039;48.0319;11.5875
82041;48.0245;11.5974
82047;48.0434;11.5124
82049;48.0612;11.5215
82054;47.9586;11.5674
82057;47.9500;11.4333
82061;48.0932;11.4656
82064;48.0049;11.5141
82065;48.0203;11.4869
82067;47.9889;11.4434
82069;47.9903;11.4559
82110;48.1339;11.3765
82131;48.0692;11.3770
82140;48.2000;11.3333
82152;48.1067;11.4248
82166;48.1188;11.4294
82175;48.1736;11.3661
82178;48.1500;11.3500
82194;48.2000;11.3667
82205;48.1075;11.2936
82211;47.9989;11.1768
82216;48.2167;11.2667
82223;48.1667;11.3167
82229;48.0351;11.2140
82234;48.0745;11.2482
82237;48.0725;11.2017
82239;48.1403;11.3014
82254;48.1658;11.2216
82256;48.1790;11.2547
82266;48.0764;11.1523
82269;48.1174;11.0322
82272;48.1556;11.0785
82275;48.1833;11.2833
82276;48.1833;11.1167
82278;48.2333;11.0667
82279;48.0833;11.1167
82281;48.2833;11.1667
82282;48.2833;11.1667
82284;48.1167;11.1667
82285;48.2223;11.1155
82287;48.1667;11.1333
82288;48.1167;11.1333
82290;48.1667;11.1667
82291;48.2084;11.1633
82293;48.2500;11.1000
82294;48.2382;11.1557
82296;48.1413;11.2040
82297;48.2167;11.0000
82299;48.1053;11.0830
82317;47.9996;11.3460
82319;48.0019;11.3442
82322;48.0135;11.4250
82327;47.9094;11.2803
82335;47.9674;11.3545
82340;47.9460;11.2933
82343;47.9667;11.3000
82346;47.9746;11.1828
82347;47.8660;11.2939
82349;48.1000;11.4000
82360;47.8391;11.1441
82362;47.8376;11.1489
82363;47.8340;11.1461
82377;47.7529;11.3770
82380;47.8047;11.0699
82383;47.8000;11.0000
82386;47.7833;11.1667
82387;47.7513;11.3085
82389;47.7556;10.9888
82390;47.7917;11.2000
82392;47.7333;11.2833
82393;47.7667;11.3167
82395;47.7333;11.2167
82396;47.9000;11.1833
82398;47.8110;11.1324
82399;47.9167;11.1000
82401;47.7333;10.9667
82402;47.8247;11.3022
82404;47.7246;11.3329
82405;47.8741;11.0246
82407;47.8740;11.1592
82409;47.7015;10.9375
82418;47.6893;11.2012
82431;47.6586;11.3682
82432;47.6167;11.3500
82433;47.6667;11.0500
82435;47.6833;11.0000
82436;47.7333;11.1833
82438;47.6000;11.1833
82439;47.6760;11.3011
82441;47.6333;11.2333
82442;47.6664;11.0247
82444;47.6580;11.3149
82445;47.6167;11.1500
82447;47.7167;11.2000
82449;47.7167;11.1500
82467;47.4921;11.0958
82475;47.4166;10.9795
82481;47.4422;11.2619
82487;47.5981;11.0669
82488;47.5667;11.1000
82490;47.5304;11.1115
82491;47.4761;11.0241
82493;47.5000;11.2833
82494;47.5052;11.2792
82496;47.5598;11.1392
82497;47.6166;11.0272
82499;47.5167;11.2833
82515;47.9129;11.4217
82538;47.8577;11.4805
82541;47.9000;11.3667
82544;47.9232;11.5052
82547;47.8539;11.4059
82549;47.8155;11.4806
83018;47.8552;12.1139
83019;47.8450;12.0833
83022;47.8550;12.1232
83024;47.8748;12.1110
83026;47.8391;12.1026
83034;47.8420;12.0772
83043;47.8638;12.0105
83052;47.8786;11.9110
83059;47.8496;12.0670
83064;47.7905;12.1109
83071;47.8539;12.1856
83075;47.7733;12.0097
83080;47.6482;12.1724
83083;47.8387;12.2078
83088;47.6141;12.1910
83093;47.9090;12.2979
83098;47.7400;12.0917
83101;47.7971;12.1701
83104;47.9351;12.0152
83109;47.8910;12.0810
83112;47.8038;12.2851
83115;47.7737;12.1400
83119;48.0005;12.4053
83122;47.7765;12.1914
83123;47.9914;12.3079
83125;47.9270;12.3792
83126;47.7258;12.1242
83128;47.9520;12.2752
83129;47.9538;12.3291
83131;47.7423;12.1561
83132;47.9772;12.3900
83134;47.8932;12.2024
83135;47.9291;12.1239
83137;47.9833;12.2500
83139;47.9312;12.2296
83209;47.8560;12.3462
83224;47.7833;12.4833
83228;47.7660;12.3244
83229;47.7769;12.3230
83233;47.8117;12.3757
83236;47.8167;12.4833
83242;47.6587;12.5281
83246;47.7333;12.4667
83250;47.7586;12.4622
83253;47.8808;12.3371
83254;47.8895;12.4004
83256;47.8667;12.4167
83257;47.8845;12.4181
83259;47.7210;12.3948
83274;47.8672;12.6229
83276;47.8702;12.6397
83278;47.8682;12.6433
83301;47.9627;12.5923
83308;48.0175;12.5346
83313;47.8228;12.6428
83317;47.8492;12.8192
83324;47.7667;12.6500
83329;47.9341;12.7339
83334;47.7630;12.7515
83339;47.8926;12.5401
83342;48.0783;12.5701
83344;47.8040;12.5830
83346;47.8036;12.5828
83349;48.0020;12.6370
83352;48.0026;12.5367
83355;47.8453;12.5433
83358;47.9667;12.4667
83359;47.8667;12.7000
83361;48.0348;12.4633
83362;47.8667;12.7000
83364;47.8440;12.7342
83365;47.9056;12.5961
83367;47.9123;12.8151
83368;47.9833;12.5667
83370;47.9667;12.4667
83371;48.0000;12.5500
83373;47.9594;12.7293
83374;47.9427;12.6306
83376;47.9425;12.5049
83377;47.8426;12.6061
83379;47.9167;12.7167
83394;47.8353;12.9781
83395;47.8409;12.9811
83404;47.8131;12.9405
83410;47.9357;12.9286
83413;47.9977;12.8263
83416;47.8750;12.9417
83417;47.9530;12.8343
83435;47.7295;12.8782
83451;47.7667;12.9167
83454;47.8019;12.8581
83457;47.7167;12.9000
83458;47.6833;12.8000
83471;47.6324;13.0019
83483;47.6312;12.9830
83486;47.6167;12.9000
83487;47.6966;13.0434
83489;47.6254;12.9741
83508;48.0571;12.1863
83512;48.0525;12.2234
83527;48.1754;12.1965
83530;48.0667;12.3667
83533;48.0561;12.1647
83536;48.1500;12.2833
83539;48.1167;12.1167
83543;47.9819;12.1281
83544;48.1070;12.1119
83546;48.1792;12.3041
83547;48.0833;12.2667
83549;48.0411;12.2427
83550;47.9976;12.0564
83552;48.0284;12.3103
83553;48.0316;12.0560
83555;48.1500;12.2833
83556;47.9940;12.1773
83558;48.1505;12.0934
83559;48.1532;12.3173
83561;48.0181;12.1451
83562;48.1167;12.1667
83564;48.1081;12.2101
83565;48.0163;12.0163
83567;48.1167;12.3333
83569;47.9469;12.1813
83607;47.8766;11.7018
83620;47.9075;11.8427
83623;47.8487;11.5953
83624;47.9090;11.6755
83626;47.8931;11.7791
83627;47.8322;11.7217
83629;47.8584;11.7992
83646;47.7611;11.5589
83661;47.6833;11.5667
83666;47.7725;11.6731
83670;47.7467;11.4593
83671;47.7062;11.4152
83673;47.7201;11.4123
83674;47.7500;11.5833
83676;47.6057;11.4338
83677;47.7667;11.6333
83679;47.8054;11.6440
83684;47.7123;11.7582
83700;47.6897;11.7706
83703;47.7512;11.7381
83707;47.7167;11.7167
83708;47.6408;11.7449
83714;47.7890;11.8338
83727;47.7362;11.8594
83730;47.7195;11.9508
83734;47.7466;11.8407
83735;47.6744;12.0145
83737;47.8333;11.9167
83739;47.8333;11.9167
84018;48.5435;12.1436
84022;48.5471;12.1360
84023;48.5487;12.1557
84024;48.5385;12.1572
84026;48.5396;12.1574
84028;48.5359;12.1523
84030;48.5765;12.1710
84032;48.5559;12.1500
84034;48.5359;12.1325
84036;48.5265;12.1575
84048;48.6418;11.7809
84051;48.6133;12.2183
84056;48.7023;12.0272
84061;48.6926;12.2044
84066;48.7664;12.2310
84069;48.8342;12.1395
84072;48.5584;11.7414
84076;48.6647;11.9659
84079;48.5224;11.9945
84082;48.8000;12.3167
84085;48.8232;12.0513
84088;48.7352;12.1929
84089;48.6921;11.7083
84091;48.6507;11.8485
84092;48.7045;12.2975
84094;48.7076;11.8098
84095;48.5910;12.0206
84097;48.7886;12.0720
84098;48.6576;12.0307
84100;48.6000;12.3167
84101;48.6167;11.9500
84103;48.6500;12.3333
84104;48.6000;11.7667
84106;48.6000;11.8833
84107;48.6000;12.0500
84109;48.6230;12.3394
84130;48.6424;12.4928
84137;48.4530;12.3560
84140;48.4370;12.5642
84144;48.4761;12.2582
84149;48.3663;12.2560
84152;48.7189;12.4405
84155;48.3833;12.3833
84160;48.5463;12.5312
84162;48.5531;12.5537
84163;48.5500;12.5667
84164;48.6766;12.4974
84166;48.5500;12.2667
84168;48.5265;12.4606
84169;48.4500;12.1667
84171;48.4167;12.2000
84172;48.4478;12.0357
84174;48.5000;12.0667
84175;48.4885;12.4167
84177;48.6374;12.5356
84178;48.5333;12.3667
84180;48.6167;12.4333
84181;48.4000;12.2167
84183;48.6167;12.3833
84184;48.5000;12.1000
84186;48.4488;12.1069
84187;48.6587;12.3693
84189;48.3500;12.3333
84307;48.4051;12.7575
84323;48.3912;12.6095
84326;48.4667;12.7305
84329;48.3533;12.7860
84332;48.4060;12.8226
84333;48.5333;12.7500
84335;48.3500;12.7333
84337;48.4833;12.8500
84339;48.3833;12.6667
84347;48.4320;12.9381
84359;48.2655;13.0231
84364;48.4449;13.0910
84367;48.3148;12.8963
84371;48.3947;13.0063
84375;48.2475;12.9845
84378;48.4925;12.9250
84381;48.5333;12.9500
84384;48.3292;12.9870
84385;48.5290;13.0540
84387;48.2543;12.9579
84389;48.4167;12.9000
84405;48.2704;12.1606
84416;48.3469;12.1974
84419;48.2715;12.2790
84424;48.2120;12.0567
84427;48.2167;12.1333
84428;48.3123;12.2734
84431;48.2500;12.3667
84432;48.3833;12.1333
84434;48.4000;12.0500
84435;48.2574;12.0497
84437;48.2000;12.2833
84439;48.3833;12.0833
84453;48.2503;12.5215
84478;48.2085;12.3989
84489;48.1693;12.8314
84494;48.3333;12.5072
84503;48.2253;12.6766
84508;48.1675;12.7325
84513;48.2833;12.5846
84518;48.1345;12.5815
84524;48.2410;12.6900
84529;48.0616;12.7676
84533;48.2500;12.8833
84539;48.2748;12.4231
84543;48.2667;12.6500
84544;48.1985;12.3500
84546;48.4000;12.4500
84547;48.2000;12.7667
84549;48.1163;12.5427
84550;48.0833;12.6000
84552;48.3386;12.6623
84553;48.1333;12.6833
84555;48.1667;12.3833
84556;48.2000;12.7000
84558;48.0858;12.6667
84559;48.1819;12.4307
84561;48.1833;12.7833
84562;48.2667;12.4667
84564;48.3000;12.3833
84565;48.1833;12.5167
84567;48.3000;12.7833
84568;48.3071;12.5983
84570;48.2167;12.5667
84571;48.2907;12.7262
84573;48.3333;12.4333
84574;48.1500;12.4500
84576;48.2272;12.6114
84577;48.2122;12.5995
84579;48.1667;12.6167
85037;48.7686;11.4309
85046;48.7472;11.4357
85047;48.7630;11.4256
85049;48.7667;11.4147
85051;48.7212;11.4096
85053;48.7515;11.4588
85055;48.7760;11.4459
85057;48.7750;11.3914
85071;48.8905;11.1848
85072;48.8885;11.1968
85077;48.7166;11.4939
85080;48.8071;11.3680
85084;48.6577;11.4661
85088;48.7698;11.6185
85092;48.8140;11.5049
85095;48.9284;11.4570
85098;48.7667;11.5333
85101;48.8103;11.4587
85104;48.8082;11.6901
85107;48.6707;11.4698
85110;48.9526;11.3975
85111;48.8403;11.2191
85113;48.8608;11.3679
85114;48.8069;11.2921
85116;48.7833;11.2333
85117;48.8167;11.3167
85119;48.7333;11.5833
85120;48.8225;11.4617
85122;48.8500;11.3167
85123;48.6833;11.4167
85125;49.0016;11.3831
85126;48.7667;11.6833
85128;48.7995;11.2259
85129;48.8294;11.5933
85131;48.9500;11.2000
85132;48.9000;11.1000
85134;48.8558;11.4554
85135;48.9968;11.2115
85137;48.9167;11.3000
85139;48.8225;11.4143
85217;48.2380;11.3500
85219;48.2605;11.4399
85221;48.2600;11.4340
85229;48.3606;11.3779
85232;48.2567;11.3649
85235;48.3089;11.1989
85238;48.4097;11.4706
85241;48.2896;11.4653
85244;48.3297;11.4467
85247;48.3032;11.3557
85250;48.3877;11.2569
85253;48.3318;11.3034
85254;48.2911;11.2636
85256;48.3667;11.4667
85258;48.3833;11.4167
85259;48.2998;11.2391
85273;48.5258;11.5082
85276;48.5305;11.5050
85283;48.6038;11.6257
85290;48.6843;11.6123
85293;48.4667;11.5167
85296;48.6167;11.5667
85298;48.5000;11.4667
85301;48.5033;11.6045
85302;48.4928;11.3615
85304;48.4833;11.5000
85305;48.4333;11.4167
85307;48.4749;11.5646
85309;48.6167;11.4667
85322;48.3993;11.7517
85350;48.3957;11.7401
85354;48.3938;11.7331
85356;48.3924;11.7569
85359;48.3555;11.7424
85366;48.4675;11.9420
85368;48.4955;11.9381
85374;48.3123;11.6495
85375;48.3159;11.6632
85376;48.3167;11.6667
85385;48.3063;11.6323
85386;48.3000;11.6167
85391;48.4333;11.6000
85395;48.5053;11.7601
85399;48.3275;11.7514
85402;48.4061;11.6125
85405;48.5364;11.8073
85406;48.4500;11.7667
85408;48.5500;11.9500
85410;48.4584;11.8280
85411;48.4241;11.5252
85413;48.5500;11.8667
85414;48.4667;11.6500
85416;48.4333;11.8500
85417;48.4090;11.7938
85419;48.5167;11.9000
85435;48.3060;11.9069
85445;48.3167;11.8500
85447;48.3667;12.0000
85452;48.2771;11.8445
85456;48.4060;11.9886
85457;48.2453;11.9021
85459;48.3841;11.9301
85461;48.3147;11.9869
85462;48.3596;11.8911
85464;48.2162;11.8241
85465;48.4257;11.9722
85467;48.2333;11.8500
85469;48.2584;11.9753
85521;48.0649;11.6633
85540;48.1088;11.7265
85551;48.1766;11.7556
85560;48.0771;11.9706
85567;48.0460;11.9680
85570;48.2167;11.8833
85577;48.0803;11.6382
85579;48.0771;11.6581
85586;48.1700;11.8186
85591;48.1054;11.7682
85598;48.1148;11.7959
85599;48.1422;11.7880
85604;48.0843;11.8245
85608;48.1459;11.6815
85609;48.1711;11.7167
85614;48.0714;11.8888
85617;47.9930;12.0064
85622;48.1481;11.7310
85625;47.9875;11.9000
85630;48.0791;11.7436
85635;48.0193;11.7191
85639;48.0751;11.7230
85640;48.0758;11.7157
85643;48.0868;12.0314
85646;48.1517;11.8533
85649;48.0065;11.6840
85652;48.1956;11.8007
85653;47.9701;11.7775
85655;47.9602;11.8366
85656;48.2151;11.9951
85658;48.0041;11.7953
85659;48.1834;11.9772
85661;48.1687;11.9124
85662;48.0478;11.7022
85664;48.1561;11.9946
85665;48.0321;11.8751
85667;48.0220;11.8133
85669;48.1991;11.9437
85711;48.2811;11.5842
85716;48.2804;11.5768
85736;48.2341;11.6785
85737;48.2333;11.6833
85746;48.2501;11.6289
85747;48.2554;11.6415
85748;48.2490;11.6510
85757;48.2167;11.4667
85761;48.2212;11.5890
85762;48.2492;11.5890
85764;48.2500;11.5667
85769;48.1877;11.6462
85770;48.1877;11.6462
85773;48.1912;11.6534
85774;48.1925;11.6429
85777;48.3532;11.5552
85778;48.3155;11.5545
85821;48.3321;11.7410
86121;48.3648;10.8903
86130;48.3636;10.8883
86131;48.3472;10.8840
86132;48.3727;10.9091
86133;48.3957;10.9197
86134;48.3680;10.8901
86135;48.3672;10.8941
86136;48.3657;10.8964
86140;48.3611;10.8998
86141;48.3736;10.8964
86142;48.3688;10.8921
86143;48.3683;10.8981
86144;48.3685;10.8848
86145;48.3722;10.8943
86147;48.3712;10.8953
86150;48.3673;10.8921
86152;48.3718;10.8925
86153;48.3664;10.9034
86154;48.3932;10.8814
86156;48.3815;10.8548
86157;48.3643;10.8761
86159;48.3509;10.8950
86161;48.3505;10.9133
86163;48.3553;10.9431
86165;48.3822;10.9337
86167;48.3877;10.9161
86169;48.4050;10.9061
86177;48.3267;10.9030
86179;48.3109;10.9001
86197;48.3501;10.8788
86199;48.3291;10.8578
86216;48.3495;10.9172
86218;48.3771;10.8863
86219;48.3819;10.8880
86220;48.3394;10.8843
86221;48.3953;10.8785
86222;48.3660;10.8915
86223;48.3872;10.8833
86225;48.4116;10.8659
86226;48.3660;10.8992
86313;48.3555;10.9877
86316;48.3569;10.9846
86343;48.2751;10.8918
86356;48.3925;10.8333
86368;48.4243;10.8727
86379;48.2441;10.3588
86381;48.2418;10.3632
86391;48.3664;10.8464
86397;48.2638;10.8193
86399;48.2709;10.8339
86405;48.5459;10.8518
86415;48.2656;10.9846
86420;48.3532;10.7821
86424;48.3483;10.5889
86436;48.2940;10.9637
86438;48.3038;10.9709
86441;48.4001;10.5992
86444;48.4667;10.9833
86447;48.5171;10.9531
86450;48.4650;10.5906
86453;48.3848;11.0467
86456;48.4500;10.8167
86459;48.3290;10.7328
86462;48.4833;10.8500
86465;48.4597;10.7360
86469;48.2901;10.4561
86470;48.2833;10.4692
86473;48.2924;10.5350
86476;48.3028;10.3613
86477;48.4246;10.7183
86479;48.2290;10.5395
86480;48.1986;10.3888
86482;48.4056;10.7774
86483;48.2423;10.4937
86485;48.5178;10.8114
86486;48.4400;10.7053
86488;48.2378;10.2995
86489;48.2555;10.3270
86491;48.2055;10.3156
86492;48.1833;10.9833
86494;48.4897;10.6738
86495;48.3333;11.0833
86497;48.3951;10.6828
86498;48.1833;10.2667
86500;48.3420;10.6946
86502;48.5333;10.7000
86504;48.2459;10.9853
86505;48.3097;10.4550
86507;48.2372;10.8692
86508;48.4833;10.9333
86510;48.2901;11.0438
86511;48.2167;10.9667
86513;48.2643;10.4459
86514;48.3167;10.6500
86517;48.2500;10.8000
86519;48.2667;10.3333
86529;48.5607;11.2607
86551;48.4576;11.1341
86554;48.5838;11.0876
86556;48.4910;11.1869
86558;48.5935;11.3827
86559;48.3567;11.1385
86561;48.5333;11.3000
86562;48.6333;11.2500
86564;48.6290;11.3092
86565;48.5000;11.2333
86567;48.4296;11.3543
86568;48.4833;11.0667
86570;48.5129;11.1146
86571;48.6066;11.2138
86573;48.4230;11.0685
86574;48.5167;11.0333
86576;48.4629;11.2488
86577;48.4000;11.1667
86579;48.5768;11.3354
86606;48.7153;10.7887
86607;48.7168;10.7771
86609;48.7180;10.7793
86633;48.7322;11.1871
86637;48.5631;10.6815
86640;48.6904;10.9139
86641;48.6903;10.9161
86643;48.7594;11.0454
86646;48.6053;10.7277
86647;48.6000;10.7167
86650;48.8746;10.7245
86652;48.8469;10.8593
86653;48.8439;10.9046
86655;48.7867;10.6893
86657;48.7169;10.6177
86660;48.6732;10.6838
86663;48.6833;10.8167
86666;48.7004;11.0160
86668;48.6819;11.2850
86669;48.6667;11.2167
86672;48.5653;10.9086
86673;48.7606;11.2574
86674;48.5833;10.9667
86675;48.7833;10.8333
86676;48.6333;11.1000
86678;48.6000;10.8000
86679;48.6000;10.8667
86681;48.8321;10.7654
86682;48.7000;10.8833
86684;48.6112;10.9484
86685;48.8251;10.7033
86687;48.7675;10.7964
86688;48.7415;10.9450
86690;48.6570;10.8056
86692;48.6225;10.9017
86694;48.7167;10.9333
86695;48.6126;10.8318
86697;48.7220;11.1115
86698;48.6667;10.8667
86700;48.8725;10.8002
86701;48.6865;11.1562
86703;48.8500;10.9500
86704;48.8167;10.9667
86706;48.7171;11.3214
86707;48.5721;10.8405
86709;48.9035;10.7813
86720;48.8512;10.4887
86732;48.9527;10.6046
86733;48.8500;10.6167
86735;48.7667;10.4856
86736;49.0079;10.6224
86738;48.8667;10.5667
86739;48.8083;10.4661
86741;48.9642;10.5543
86742;48.9724;10.4575
86744;48.9584;10.6249
86745;48.7840;10.5349
86747;48.9275;10.4987
86748;48.9257;10.4708
86750;48.9333;10.6500
86751;48.7760;10.5804
86753;48.8092;10.5902
86754;48.9167;10.6000
86756;48.8167;10.5167
86757;48.8874;10.4759
86759;48.8923;10.6133
86807;48.0372;10.7255
86825;48.0067;10.5967
86830;48.1793;10.7568
86833;48.1000;10.6500
86836;48.1608;10.8222
86842;48.0640;10.6416
86845;48.2275;10.7795
86850;48.2905;10.6559
86853;48.1459;10.7589
86854;48.0667;10.6833
86856;48.1609;10.7175
86857;48.1184;10.8111
86859;48.0667;10.8000
86860;47.9993;10.7257
86862;48.0920;10.7398
86863;48.2667;10.6000
86865;48.1368;10.5820
86866;48.2417;10.6403
86868;48.1764;10.5975
86869;47.9436;10.7427
86871;48.0667;10.5833
86872;48.1803;10.6401
86874;48.1022;10.5607
86875;47.9968;10.7779
86877;48.2261;10.5884
86879;48.0395;10.6741
86894;48.0661;10.8589
86895;48.0661;10.8589
86896;48.0496;10.8718
86899;48.0482;10.8828
86911;47.9508;11.1031
86915;48.0847;10.8604
86916;48.0912;10.8791
86919;48.0261;11.0861
86920;47.9167;10.8500
86922;48.0870;11.0239
86923;48.0222;11.0110
86925;47.9333;10.8167
86926;48.0706;11.0835
86928;48.0085;10.9711
86929;48.0748;10.9274
86931;48.2007;10.9280
86932;48.0247;10.9221
86934;47.9228;10.9285
86935;47.9047;10.9729
86937;48.1677;10.8957
86938;48.0530;11.0914
86940;48.0456;10.9276
86941;48.0957;11.0452
86943;47.9730;10.9577
86944;47.9833;10.8333
86946;47.9500;10.9167
86947;48.1172;10.9216
86949;48.0667;11.0333
86956;47.8124;10.8966
86971;47.7955;10.9295
86972;47.8236;10.8747
86974;47.9000;10.9333
86975;47.7370;10.7771
86977;47.7769;10.8172
86978;47.8500;10.9000
86980;47.8167;10.7833
86981;47.8833;10.9167
86983;47.7016;10.7949
86984;47.6833;10.8000
86986;47.8250;10.8362
86987;47.8333;10.8333
86989;47.7000;10.8667
87428;47.7322;10.3159
87432;47.7322;10.3159
87435;47.7184;10.3132
87437;47.7229;10.3288
87439;47.7177;10.2989
87443;47.7603;10.3229
87448;47.6732;10.3070
87452;47.8041;10.2143
87459;47.5822;10.5496
87463;47.8079;10.2895
87466;47.6333;10.4333
87471;47.6944;10.3445
87474;47.6959;10.2393
87477;47.6603;10.3499
87480;47.6417;10.1273
87484;47.6234;10.5024
87487;47.7478;10.2299
87488;47.7333;10.3833
87490;47.8000;10.3500
87491;47.5741;10.4472
87493;47.7833;10.3000
87494;47.6667;10.5500
87496;47.8333;10.3833
87497;47.6030;10.4097
87499;47.7667;10.4000
87509;47.5600;10.2139
87527;47.5182;10.2826
87534;47.5557;10.0224
87538;47.4667;10.2333
87541;47.5062;10.3723
87544;47.5421;10.2585
87545;47.5355;10.2849
87547;47.6000;10.1167
87549;47.5743;10.2917
87561;47.4072;10.2794
87600;47.8824;10.6219
87616;47.7796;10.6171
87629;47.5714;10.7017
87634;47.8455;10.4355
87637;47.6500;10.6072
87640;47.8306;10.6402
87642;47.6316;10.8202
87645;47.5604;10.7721
87647;47.7793;10.5045
87648;47.8167;10.5333
87650;47.9444;10.5401
87651;47.8297;10.7262
87653;47.9167;10.5167
87654;47.8748;10.5346
87656;47.9232;10.6721
87657;47.7067;10.5101
87659;47.6167;10.6333
87660;47.9082;10.5718
87662;47.9000;10.7500
87663;47.7000;10.6000
87665;47.8936;10.6713
87666;47.9300;10.6136
87668;47.9500;10.6500
87669;47.6167;10.7167
87671;47.8958;10.4157
87672;47.6500;10.7167
87674;47.8167;10.5833
87675;47.7739;10.7500
87677;47.8833;10.7167
87679;47.9333;10.7167
87697;48.0035;10.1765
87700;47.9837;10.1853
87719;48.0458;10.4922
87724;47.9413;10.2997
87727;48.1450;10.2533
87730;47.8771;10.2221
87733;47.9473;10.3961
87734;47.9667;10.2167
87736;47.8833;10.3000
87737;48.0752;10.1952
87739;48.1333;10.4000
87740;48.0000;10.1333
87742;48.0167;10.5031
87743;48.0871;10.2849
87745;48.1667;10.5167
87746;48.0373;10.3357
87748;48.0728;10.1522
87749;47.9667;10.2667
87751;48.0333;10.1500
87752;48.0250;10.2590
87754;48.0500;10.4167
87755;48.1504;10.3102
87757;48.1870;10.4661
87758;47.9043;10.1572
87760;47.9459;10.2394
87761;48.0593;10.2901
87763;47.8982;10.1178
87764;47.8563;10.1298
87766;47.9880;10.2229
87767;48.0576;10.1832
87769;48.0889;10.4261
87770;48.1085;10.2985
87772;48.1188;10.4550
87773;48.1000;10.1500
87775;48.1307;10.4789
87776;48.0070;10.3546
87778;48.0238;10.4447
87779;48.0000;10.2167
87781;48.0057;10.2667
87782;47.9667;10.4667
87784;48.0167;10.3000
87785;48.1212;10.2258
87787;47.8935;10.2672
87789;47.9167;10.2000
88038;47.6607;9.4918
88039;47.6710;9.3890
88040;47.6575;9.4720
88041;47.6587;9.4776
88045;47.6544;9.4726
88046;47.6578;9.4852
88048;47.6727;9.4299
88069;47.6686;9.5913
88074;47.7000;9.5667
88079;47.5976;9.5971
88085;47.5986;9.5416
88086;47.6650;9.3590
88090;47.6653;9.3590
88094;47.7241;9.4698
88097;47.6248;9.5420
88099;47.6574;9.7033
88129;47.5467;9.7120
88131;47.5667;9.7085
88138;47.5833;9.7667
88142;47.5667;9.6333
88145;47.6500;9.8333
88147;47.6333;9.7167
88149;47.5739;9.6104
88161;47.6028;9.8855
88167;47.6286;10.0037
88171;47.5826;9.9135
88175;47.5814;9.8483
88178;47.6296;9.9030
88179;47.5630;9.9445
88209;47.7867;9.6177
88212;47.7815;9.6183
88213;47.7715;9.5575
88214;47.7814;9.6118
88225;47.8204;9.6370
88226;47.7814;9.6053
88237;47.6916;9.8288
88239;47.6895;9.8325
88248;47.7994;9.6234
88250;47.8101;9.6386
88255;47.8500;9.6667
88260;47.6667;9.9333
88263;47.8000;9.5000
88267;47.7667;9.7667
88271;47.8661;9.4262
88273;47.8667;9.5833
88276;47.8167;9.6000
88279;47.7000;9.7500
88281;47.7700;9.6735
88284;47.8947;9.6120
88285;47.7101;9.6884
88287;47.7442;9.6559
88289;47.7571;9.7134
88297;47.8335;10.0243
88299;47.8267;10.0205
88315;47.6975;10.0373
88316;47.6926;10.0386
88317;47.8930;10.0784
88319;47.9333;10.0833
88326;47.9508;9.6374
88336;47.9307;9.7590
88339;47.9203;9.7549
88348;48.0285;9.5936
88353;47.7889;9.8838
88356;47.9500;9.3833
88361;47.9333;9.5164
88364;47.8203;9.7949
88367;48.0295;9.3774
88368;47.8500;9.7500
88370;47.9000;9.5167
88371;47.9667;9.5833
88373;47.8833;9.4833
88374;47.9500;9.4500
88376;47.9333;9.4167
88377;47.9093;9.4285
88379;47.9000;9.4667
88396;48.0998;9.7925
88397;48.1105;9.7982
88400;48.1008;9.8128
88410;47.9080;9.8969
88416;48.0653;9.9667
88422;48.0833;9.6124
88427;48.0186;9.6834
88430;48.0130;10.0303
88433;48.1702;9.7943
88436;48.0000;9.8934
88437;48.1333;9.8833
88441;48.0833;9.7500
88444;48.0667;9.8333
88447;48.1286;9.7975
88448;48.1333;9.7000
88450;48.0426;10.0823
88451;48.1000;10.1167
88453;48.0900;10.0730
88454;48.0256;9.7878
88456;48.0255;9.7420
88457;48.0833;10.1333
88459;48.0000;10.0833
88471;48.2279;9.8787
88477;48.1742;9.9754
88480;48.2589;9.8975
88481;48.1833;10.0833
88483;48.2333;9.9333
88484;48.1167;9.9833
88486;48.1333;10.0833
88487;48.1833;9.9000
88489;48.1890;10.0209
88498;48.1469;9.4838
88499;48.1545;9.4756
88512;48.0495;9.3301
88515;48.1485;9.3776
88518;48.0667;9.4333
88521;48.1000;9.4667
88524;48.1500;9.6167
88525;48.1167;9.5333
88527;48.1673;9.5222
88529;48.2340;9.4623
88605;47.9946;9.1148
88629;47.9248;9.2662
88630;47.9261;9.2578
88631;48.0500;8.9667
88633;47.8209;9.3128
88634;47.8500;9.2000
88636;47.8623;9.3724
88637;48.0426;9.0131
88639;47.9333;9.1667
88660;47.7630;9.1686
88662;47.7698;9.1714
88677;47.7192;9.3903
88682;47.7626;9.2903
88690;47.7333;9.2500
88693;47.8000;9.4000
88696;47.8097;9.1717
88697;47.7333;9.3500
88699;47.8144;9.2735
88709;47.6942;9.3167
88718;47.7126;9.2678
88719;47.6901;9.2986
89040;48.4170;9.9640
89065;48.4016;10.0030
89068;48.4281;9.9851
89069;48.4236;9.9540
89070;48.3985;9.9811
89073;48.4015;9.9927
89075;48.4171;9.9635
89077;48.3981;9.9700
89079;48.3568;9.9601
89081;48.4459;9.9890
89090;48.3847;10.0377
89129;48.5289;10.1303
89134;48.4181;9.9106
89143;48.4174;9.8003
89150;48.4894;9.7130
89155;48.3284;9.8875
89160;48.5150;9.9443
89165;48.2107;10.0716
89168;48.5413;10.2351
89171;48.3167;10.0167
89173;48.5434;9.9200
89174;48.5833;10.0333
89176;48.5296;10.1917
89177;48.5542;10.0770
89179;48.4833;9.9833
89180;48.4640;9.7809
89182;48.4996;10.0258
89183;48.5312;9.9952
89185;48.2797;9.9425
89186;48.2702;10.0515
89188;48.5315;9.7550
89189;48.5468;10.0197
89191;48.5419;9.8093
89192;48.5181;10.1720
89194;48.2728;9.9929
89195;48.3000;9.9914
89197;48.5525;9.9961
89198;48.5192;9.9549
89229;48.3966;10.0111
89231;48.4000;10.0167
89233;48.4000;10.0167
89250;48.3244;10.0444
89257;48.2234;10.1035
89264;48.3050;10.1605
89269;48.2784;10.0824
89275;48.4500;10.1000
89278;48.4283;10.1236
89281;48.1603;10.1144
89284;48.3545;10.1618
89287;48.2573;10.0909
89290;48.2248;10.1805
89291;48.3833;10.1000
89293;48.1216;10.1281
89294;48.1758;10.1891
89296;48.1500;10.1667
89297;48.2759;10.2314
89299;48.1956;10.1711
89312;48.4560;10.2770
89331;48.4316;10.4099
89335;48.3712;10.3071
89340;48.4500;10.2228
89343;48.3896;10.4381
89344;48.5065;10.4578
89346;48.4000;10.2000
89347;48.4333;10.2500
89349;48.3405;10.4528
89350;48.4667;10.4286
89352;48.3397;10.3189
89353;48.5000;10.4833
89355;48.5000;10.4000
89356;48.4376;10.4482
89358;48.3833;10.3667
89359;48.4167;10.2833
89361;48.4344;10.5242
89362;48.4826;10.3625
89364;48.4588;10.3524
89365;48.4244;10.4427
89367;48.3481;10.2938
89368;48.4667;10.4833
89407;48.5815;10.4953
89415;48.5654;10.4297
89420;48.6112;10.5682
89423;48.5510;10.3689
89426;48.6433;10.4317
89428;48.6612;10.3100
89429;48.6322;10.3205
89431;48.5463;10.3128
89432;48.5580;10.6425
89434;48.6314;10.6199
89435;48.6545;10.4986
89437;48.5998;10.3740
89438;48.5142;10.5306
89440;48.6500;10.5500
89441;48.5703;10.3161
89443;48.6500;10.6500
89444;48.5089;10.6147
89446;48.6524;10.3988
89447;48.6736;10.3252
89449;48.5310;10.6356
89516;48.6908;10.1614
89517;48.6743;10.1550
89518;48.6785;10.1413
89520;48.6873;10.1601
89522;48.6833;10.1500
89537;48.5887;10.2058
89542;48.6217;10.1760
89547;48.6225;10.0198
89551;48.7432;10.1119
89555;48.6909;10.0638
89558;48.6833;9.9333
89561;48.7000;10.3667
89564;48.6996;10.2421
89567;48.5524;10.2910
89568;48.5954;10.2607
89582;48.2841;9.7205
89584;48.2864;9.6875
89597;48.2119;9.6435
89601;48.3758;9.7327
89604;48.3305;9.7242
89605;48.3280;9.7704
89607;48.2119;9.6565
89608;48.2667;9.7833
89610;48.3000;9.8333
89611;48.2408;9.5724
89613;48.1860;9.6924
89614;48.2864;9.8026
89616;48.2348;9.6896
89617;48.2392;9.6098
89619;48.2031;9.6884
90051;49.4456;11.0789
90290;49.3894;11.1756
90291;49.3894;11.1756
90292;49.3894;11.1756
90293;49.3894;11.1756
90300;49.4455;11.0769
90310;49.4288;11.1318
90311;49.4278;11.0205
90312;49.4478;11.0869
90313;49.4642;11.1186
90316;49.4541;11.0625
90317;48.1449;11.4850
90318;49.4483;11.0918
90319;49.4380;11.0698
90321;49.4589;11.0885
90324;49.4542;11.0886
90325;49.4511;11.0797
90327;49.4477;11.0784
90328;49.4450;11.1021
90329;49.4285;11.0883
90330;49.4468;11.0711
90331;49.4541;11.0766
90332;49.4776;11.1170
90334;49.4546;11.1187
90335;49.4305;11.0516
90336;49.4518;11.0589
90337;49.4546;11.1187
90338;49.4482;11.0630
90339;49.4459;11.0710
90340;49.4629;11.0685
90341;49.4589;11.0885
90344;49.4587;11.0119
90345;49.4276;11.0219
90346;49.4546;11.1187
90347;49.4487;11.0635
90351;49.4542;11.0886
90352;49.4235;11.1403
90353;49.4229;11.1349
90356;49.4691;11.0848
90357;49.4589;11.0885
90359;49.4542;11.0886
90360;49.4496;11.0607
90402;49.4504;11.0778
90403;49.4541;11.0768
90408;49.4678;11.0693
90409;49.4478;11.0683
90411;49.4897;11.1064
90419;49.4639;11.0671
90425;49.4732;11.0567
90427;49.5178;11.0058
90429;49.4599;11.0275
90431;49.4453;11.0222
90439;49.4358;11.0384
90441;49.4324;11.0497
90443;49.4460;11.0782
90449;49.4177;11.0297
90451;49.4072;11.0352
90453;49.3834;11.0416
90455;49.4478;11.0683
90457;49.3984;11.1740
90459;49.4403;11.0809
90461;49.4361;11.0925
90469;49.4092;11.0920
90471;49.4170;11.1251
90473;49.4044;11.1341
90475;49.4075;11.1649
90478;49.4430;11.0948
90480;49.4371;11.1194
90482;49.4640;11.1491
90489;49.4586;11.0974
90491;49.4741;11.1296
90499;49.4229;11.1349
90511;49.4463;10.9587
90513;49.4424;10.9541
90518;49.3856;11.3573
90522;49.4228;10.9577
90530;49.3523;11.1507
90537;49.3760;11.2143
90542;49.5833;11.2500
90546;49.4167;11.0196
90547;49.4060;10.9991
90552;49.4830;11.2412
90556;49.4884;10.8800
90559;49.3520;11.3115
90562;49.5579;11.1555
90571;49.4695;11.2006
90574;49.3957;10.8885
90579;49.4946;10.7923
90584;49.2513;11.2366
90587;49.5279;10.8880
90592;49.3578;11.2433
90596;49.3249;11.1227
90599;49.4000;10.6898
90602;49.2962;11.2866
90607;49.4976;11.2475
90610;49.3896;11.2989
90613;49.4000;10.7833
90614;49.4233;10.8501
90616;49.4569;10.6455
90617;49.5240;10.8319
90619;49.4581;10.5936
90725;49.4687;11.0027
90742;49.4649;10.9958
90744;49.4774;10.9893
90752;49.4584;11.0405
90754;49.4699;11.0181
90762;49.4706;10.9971
90763;49.5069;10.9565
90765;49.4830;11.0040
90766;49.4865;10.9608
90768;49.4954;10.9444
91048;49.5938;11.0067
91050;49.5908;11.0109
91051;49.5893;11.0041
91052;49.5888;11.0098
91054;49.5988;11.0504
91056;49.5986;10.9675
91058;49.5500;11.0036
91060;49.5909;11.0121
91072;49.5705;10.8853
91074;49.5680;10.8856
91077;49.6120;11.1333
91080;49.6085;11.0632
91083;49.6581;11.0359
91085;49.6228;10.8253
91086;49.5833;10.8333
91088;49.6274;11.0172
91090;49.6593;11.0932
91091;49.6325;10.8748
91093;49.6273;10.9100
91094;49.6405;11.0710
91096;49.6333;11.0000
91097;49.5895;10.7689
91099;49.6634;11.0708
91124;49.3278;11.0282
91125;49.3242;11.0444
91126;49.3009;11.0235
91152;49.2443;11.0915
91154;49.2597;11.1457
91161;49.1905;11.1906
91166;49.1897;11.0167
91171;49.0470;11.3570
91174;49.1755;10.9245
91177;49.0883;11.2215
91180;49.1337;11.1273
91183;49.2428;10.9640
91186;49.2678;11.0589
91187;49.1500;11.0333
91189;49.3411;10.8898
91205;49.5075;11.2821
91207;49.5139;11.2825
91217;49.5108;11.4315
91220;49.5596;11.3433
91224;49.5044;11.5110
91227;49.4517;11.3100
91230;49.4937;11.4712
91233;49.5246;11.3196
91235;49.6139;11.5167
91236;49.4333;11.5500
91238;49.4718;11.4132
91239;49.4985;11.3906
91241;49.5560;11.4223
91242;49.5095;11.3416
91244;49.5138;11.3727
91245;49.5977;11.3390
91247;49.5572;11.4942
91249;49.4977;11.5687
91257;49.7522;11.5419
91275;49.6938;11.6210
91278;49.7713;11.4078
91281;49.7487;11.7254
91282;49.6817;11.4177
91284;49.6280;11.5507
91286;49.7000;11.3500
91287;49.6524;11.4693
91289;49.8122;11.5827
91299;49.7184;11.0624
91301;49.7175;11.0588
91315;49.7062;10.8133
91320;49.7815;11.1817
91322;49.6443;11.2497
91325;49.7122;10.8950
91327;49.7690;11.3384
91330;49.7696;11.0570
91332;49.8630;11.1719
91334;49.6833;10.9333
91336;49.6934;10.9988
91338;49.6232;11.2314
91341;49.6643;10.9261
91344;49.8465;11.3481
91346;49.8000;11.2667
91347;49.8837;11.2269
91349;49.7018;11.2575
91350;49.6951;10.8322
91352;49.7591;10.9795
91353;49.6895;11.0322
91355;49.6607;11.3227
91356;49.7333;11.1500
91358;49.6824;11.1433
91359;49.7095;11.1722
91361;49.6897;11.1021
91362;49.7545;11.1743
91364;49.8230;11.1891
91365;49.7500;11.1167
91367;49.6309;11.2537
91369;49.7133;11.1356
91413;49.5795;10.6113
91438;49.5027;10.4154
91443;49.6693;10.4655
91448;49.5528;10.7128
91452;49.4831;10.7156
91456;49.6000;10.6333
91459;49.4937;10.6527
91460;49.6251;10.5360
91462;49.6405;10.7065
91463;49.5563;10.5407
91465;49.5167;10.3333
91466;49.6312;10.6913
91468;49.6167;10.6333
91469;49.5333;10.7667
91471;49.4802;10.3817
91472;49.5275;10.4818
91474;49.6167;10.5167
91475;49.6988;10.7671
91477;49.6479;10.4249
91478;49.5909;10.3556
91480;49.7011;10.5556
91481;49.6394;10.5950
91483;49.7083;10.4342
91484;49.6028;10.4356
91486;49.6708;10.7202
91487;49.6876;10.6516
91489;49.5642;10.7372
91511;49.3004;10.5747
91520;49.3010;10.5652
91522;49.3048;10.5931
91541;49.3789;10.1871
91550;49.0694;10.3199
91555;49.1629;10.3385
91560;49.3357;10.7874
91564;49.2833;10.7833
91567;49.2378;10.5035
91572;49.1631;10.5557
91575;49.2479;10.8265
91578;49.2987;10.4119
91580;49.3000;10.7500
91583;49.3091;10.2628
91586;49.2775;10.6867
91587;49.4333;10.1667
91589;49.2500;10.4167
91590;49.3599;10.6992
91592;49.3302;10.3348
91593;49.4510;10.3239
91595;49.2333;10.5833
91596;49.1332;10.4789
91598;49.3548;10.4116
91599;49.1477;10.4231
91601;49.2535;10.2854
91602;49.1078;10.3850
91604;49.4407;10.5224
91605;49.4500;10.2667
91607;49.3500;10.2000
91608;49.3664;10.3153
91610;49.3000;10.1667
91611;49.3457;10.5110
91613;49.4416;10.3636
91614;49.0185;10.3586
91616;49.3719;10.2256
91617;49.4167;10.4333
91619;49.4519;10.4667
91620;49.4706;10.2101
91622;49.4000;10.5833
91623;49.2900;10.6597
91625;49.1705;10.2321
91626;49.1192;10.3077
91628;49.4167;10.2167
91629;49.3500;10.6167
91631;49.2579;10.1569
91632;49.1667;10.4833
91634;49.0243;10.3950
91635;49.4000;10.3000
91637;49.2581;10.2418
91639;49.2267;10.7277
91709;49.1165;10.7650
91710;49.1166;10.7597
91717;49.0433;10.5991
91719;49.0172;10.7435
91720;49.1444;10.8810
91722;49.1443;10.6172
91723;49.0554;10.7920
91725;49.0868;10.5407
91726;49.0534;10.5115
91728;49.0598;10.7127
91729;49.1760;10.7712
91731;49.1011;10.4536
91732;49.2036;10.7042
91734;49.2119;10.7978
91735;49.1545;10.7184
91737;49.1762;10.6580
91738;49.1059;10.8366
91740;49.0554;10.5595
91741;49.0822;10.8528
91743;49.0798;10.6218
91744;49.0388;10.4505
91746;49.1982;10.6449
91747;49.0000;10.6667
91749;49.0612;10.4812
91757;48.9547;10.9083
91780;49.0307;10.9708
91781;49.0309;10.9722
91785;49.1047;10.9819
91788;48.9338;10.9743
91790;49.0471;11.1249
91792;49.0608;10.9678
91793;49.0465;10.8650
91795;48.8683;11.0734
91796;49.0775;11.0554
91798;49.0626;11.0053
91799;48.8932;10.9311
91801;49.0096;10.8447
91802;49.0333;10.8167
91804;48.8701;11.0076
91805;48.9207;10.7115
91807;48.8958;10.9956
91809;48.8197;11.0888
92219;49.4444;11.8546
92224;49.4429;11.8627
92226;49.3948;11.9781
92227;49.3118;12.1058
92237;49.5013;11.7460
92240;49.5403;11.9437
92241;49.5403;11.9437
92242;49.5440;11.9462
92245;49.4192;11.8883
92249;49.6148;11.8026
92253;49.5469;12.0018
92256;49.5339;11.8030
92259;49.5297;11.6259
92260;49.4412;11.7618
92262;49.4167;11.6333
92263;49.3938;11.9358
92265;49.5764;11.6959
92266;49.3406;11.9359
92268;49.5276;11.5860
92269;49.4000;12.0500
92271;49.6213;11.9082
92272;49.4833;11.9833
92274;49.5376;11.8720
92275;49.5500;11.5333
92277;49.2951;11.7991
92278;49.4500;11.6833
92280;49.3696;11.6826
92281;49.6085;11.6314
92283;49.3684;11.6029
92284;49.4756;11.7978
92286;49.3236;11.9421
92287;49.2690;11.9243
92289;49.4020;11.7550
92318;49.2803;11.4628
92331;49.1607;11.7564
92334;49.1069;11.4414
92339;49.0341;11.4739
92342;49.2001;11.3303
92345;49.0375;11.5839
92348;49.3317;11.4403
92353;49.3053;11.3572
92355;49.2515;11.6345
92358;49.1571;11.6329
92360;49.1695;11.4466
92361;49.2500;11.4000
92363;49.0837;11.6198
92364;49.2256;11.5397
92366;49.2040;11.8484
92367;49.3214;11.5031
92369;49.2333;11.4667
92400;48.0903;11.6444
92419;49.3255;12.1097
92421;49.3236;12.0993
92422;49.3277;12.1097
92431;49.3478;12.3862
92436;49.2493;12.3071
92439;49.2708;12.3015
92442;49.3167;12.1833
92444;49.3432;12.5296
92445;49.2910;12.4364
92447;49.3775;12.3449
92449;49.2833;12.1833
92507;49.4535;12.1800
92519;49.4046;12.0921
92521;49.3877;12.1348
92526;49.4581;12.4167
92530;49.5324;12.1358
92533;49.5393;12.1613
92536;49.4945;12.1833
92539;49.5103;12.5476
92540;49.4055;12.2815
92542;49.4167;12.4167
92543;49.4500;12.2833
92545;49.4500;12.3761
92546;49.4234;12.0925
92548;49.4105;12.2274
92549;49.5066;12.6124
92551;49.4167;12.1333
92552;49.4833;12.3833
92554;49.3833;12.4667
92555;49.5211;12.2625
92557;49.4833;12.5667
92559;49.4269;12.4799
92620;49.6718;12.1632
92624;49.6806;12.0737
92626;49.6806;12.0737
92627;49.6806;12.0737
92628;49.6806;12.0737
92630;49.6768;12.1570
92631;49.6806;12.0737
92632;49.6806;12.0737
92633;49.6720;12.1632
92637;49.6903;12.2274
92648;49.6238;12.3381
92655;49.6989;11.8675
92660;49.7329;12.1777
92665;49.7833;12.1598
92670;49.8011;12.1571
92676;49.7900;11.8331
92681;49.8398;12.0459
92685;49.7240;12.2759
92690;49.7686;11.9397
92693;49.5835;12.5216
92694;49.6333;12.1000
92696;49.7333;12.3500
92697;49.7030;12.4208
92699;49.6449;12.2250
92700;49.6500;11.9500
92702;49.5912;12.0195
92703;49.8333;12.1000
92705;49.5974;12.2584
92706;49.5837;12.1492
92708;49.6541;12.0407
92709;49.5891;12.4104
92711;49.7292;12.0675
92712;49.6333;12.1667
92714;49.6491;12.4063
92715;49.7500;12.2333
92717;49.8438;12.1214
92718;49.6500;12.1667
92720;49.7246;11.9976
92721;49.7323;12.2055
92723;49.5318;12.3276
92724;49.8000;11.9000
92726;49.6422;12.4952
92727;49.6722;12.3292
92729;49.6333;12.0667
93012;49.0046;12.0984
93013;49.0046;12.0984
93037;49.0124;12.1070
93038;49.0130;12.0937
93039;49.0164;12.0920
93040;48.9994;12.0937
93041;49.0132;12.0957
93042;49.0049;12.0929
93043;49.0162;12.0963
93045;49.0279;12.1276
93047;49.0168;12.0954
93049;49.0153;12.0577
93051;49.0007;12.0734
93053;48.9965;12.1202
93055;49.0143;12.1427
93057;49.0499;12.1006
93059;49.0312;12.1022
93065;49.0081;12.1155
93066;49.0134;12.0886
93072;48.9841;12.1895
93073;48.9874;12.2010
93077;48.9375;12.0449
93080;48.9834;12.0587
93083;48.9667;12.1667
93086;49.0009;12.4054
93087;48.9167;12.2000
93089;48.8720;12.2821
93090;49.0217;12.3037
93092;49.0000;12.2000
93093;49.0326;12.2046
93095;48.9000;12.2167
93096;48.9333;12.2000
93098;48.9536;12.2421
93099;48.8935;12.3736
93101;48.8582;12.2274
93102;48.9631;12.3825
93104;48.9167;12.3513
93105;49.0239;12.1730
93107;48.9117;12.1550
93109;49.0167;12.3833
93128;49.1201;12.1303
93133;49.2038;12.0445
93138;49.0469;12.0913
93142;49.1996;12.0923
93149;49.1942;12.2674
93152;49.0246;11.9613
93155;49.0383;11.8522
93158;49.2229;12.0873
93161;49.0000;12.0333
93164;49.1000;11.9000
93167;49.0975;12.4880
93170;49.0912;12.2474
93173;49.0756;12.1995
93176;49.0952;11.8097
93177;49.1000;12.3000
93179;49.0667;12.4000
93180;49.0372;11.9104
93182;49.1167;11.9167
93183;49.1609;11.9977
93185;49.1229;12.5528
93186;49.0607;12.0078
93188;49.0723;11.9570
93189;49.1833;12.3500
93191;49.0667;12.4500
93192;49.1500;12.3500
93194;49.1833;12.3833
93195;49.1073;11.9781
93197;49.0785;12.1117
93199;49.1444;12.4141
93308;48.9195;11.8936
93309;48.9173;11.8862
93326;48.8168;11.8498
93333;48.8071;11.7695
93336;48.8992;11.6520
93339;48.9638;11.6888
93342;48.9000;11.9333
93343;48.9347;11.7897
93345;48.8595;12.0063
93346;48.9333;11.8667
93348;48.7710;11.9037
93349;48.8500;11.6500
93351;48.9973;11.8195
93352;48.7667;11.9667
93354;48.7907;11.8573
93356;48.8930;12.0117
93358;48.7333;11.8333
93359;48.7298;11.8985
93411;49.2224;12.6658
93413;49.2257;12.6550
93426;49.1943;12.5196
93437;49.3095;12.8416
93444;49.1765;12.8552
93449;49.3780;12.7091
93453;49.2587;12.9687
93455;49.1500;12.6500
93458;49.2988;12.9157
93462;49.1967;13.0505
93464;49.4333;12.5833
93466;49.2000;12.7500
93468;49.1620;12.7684
93470;49.1760;13.1055
93471;49.1301;12.9982
93473;49.2766;12.8159
93474;49.1915;12.9939
93476;49.1667;12.8167
93477;49.3167;12.7333
93479;49.2000;12.8833
93480;49.2000;12.9333
93482;49.2667;12.6167
93483;49.2333;12.5500
93485;49.2333;12.8833
93486;49.2151;12.7621
93488;49.3500;12.6000
93489;49.1604;12.5932
93491;49.2676;12.5305
93492;49.4225;12.6157
93494;49.2667;12.6667
93495;49.2628;12.7631
93497;49.2500;12.6667
93499;49.1500;12.7333
94028;48.5715;13.4594
94030;48.5722;13.4560
94032;48.5732;13.4506
94034;48.5890;13.3971
94036;48.5693;13.4122
94051;48.6496;13.6265
94060;48.4015;13.3132
94065;48.7327;13.6008
94072;48.3510;13.3120
94078;48.8095;13.5477
94081;48.5216;13.3175
94086;48.4557;13.1939
94089;48.7486;13.7470
94094;48.3608;13.2016
94099;48.4333;13.3333
94104;48.7262;13.4167
94107;48.5743;13.6672
94110;48.6014;13.7873
94113;48.6242;13.4003
94116;48.6728;13.4715
94118;48.7333;13.7000
94121;48.6167;13.4833
94124;48.6711;13.5210
94127;48.5000;13.4500
94130;48.5549;13.6373
94133;48.7386;13.5227
94136;48.6167;13.5333
94137;48.4102;13.1441
94139;48.7044;13.7933
94140;48.2992;13.1503
94142;48.7167;13.4667
94143;48.8000;13.6500
94145;48.8257;13.7765
94146;48.8234;13.6037
94148;48.3464;13.2672
94149;48.3667;13.1167
94151;48.8897;13.5846
94152;48.4609;13.4208
94154;48.6833;13.3833
94155;48.6167;13.2167
94157;48.7818;13.4384
94158;48.8667;13.6833
94160;48.8134;13.4713
94161;48.6500;13.4167
94163;48.7731;13.3559
94164;48.6833;13.7167
94166;48.3167;13.0833
94167;48.4428;13.2696
94169;48.7663;13.3155
94209;48.9719;13.1282
94227;49.0368;13.2542
94232;49.0804;12.8707
94233;49.0755;12.8897
94234;49.0800;12.8857
94239;48.9667;12.9835
94244;49.0457;12.9878
94249;49.0667;13.1000
94250;48.9717;12.9351
94252;49.1167;13.2000
94253;48.9180;13.0818
94255;49.0562;13.0347
94256;49.1076;13.0118
94258;48.9889;13.3007
94259;48.9000;13.1833
94261;48.9105;13.2661
94262;49.0466;12.8612
94264;49.0150;13.1465
94265;49.0167;12.9833
94267;49.0954;12.8261
94269;48.9496;13.2010
94310;48.8889;12.6234
94312;48.8986;12.6558
94315;48.8813;12.5739
94327;48.9112;12.6896
94330;48.8448;12.6245
94333;48.8250;12.3965
94336;48.9500;12.7462
94339;48.7757;12.5179
94342;48.8413;12.7514
94344;49.0407;12.5401
94345;48.9428;12.4686
94347;49.0000;12.6333
94348;48.8941;12.4878
94350;49.0042;12.5948
94351;48.8383;12.5278
94353;49.0241;12.7155
94354;49.0035;12.6918
94356;48.9500;12.5500
94357;49.0724;12.7111
94359;49.0846;12.6559
94360;48.9763;12.6785
94362;48.9751;12.7555
94363;48.7957;12.6420
94365;48.9167;12.6000
94366;48.9500;12.8000
94368;48.8553;12.4398
94369;48.9050;12.4687
94371;49.0861;12.7491
94372;49.0257;12.6592
94374;48.9157;12.8114
94375;49.0510;12.6550
94377;48.9542;12.6071
94379;49.0030;12.8266
94405;48.6725;12.6932
94419;48.5701;12.6280
94424;48.5584;12.8167
94428;48.6327;12.8559
94431;48.7012;12.6510
94436;48.5661;12.7389
94437;48.6517;12.6078
94439;48.6000;12.9333
94447;48.7787;12.8751
94466;48.8370;12.9594
94469;48.8409;12.9607
94474;48.6269;13.1922
94481;48.8577;13.3974
94486;48.7000;13.0222
94491;48.7725;13.0549
94496;48.5460;13.2225
94501;48.5703;13.0900
94505;48.9167;12.8833
94508;48.7541;13.1778
94513;48.8397;13.3371
94518;48.9152;13.3623
94522;48.7377;12.7474
94526;48.8551;12.9155
94527;48.7354;12.9100
94529;48.6760;13.2954
94530;48.8035;13.0995
94532;48.7241;13.2029
94533;48.6970;12.9246
94535;48.7139;13.2713
94536;48.8894;13.2999
94538;48.7167;13.3333
94539;48.8949;12.9751
94541;48.8036;13.1537
94542;48.5000;13.1500
94544;48.6781;13.1192
94545;48.8498;13.4882
94547;48.7301;13.1423
94548;48.8515;13.2754
94550;48.6667;13.0833
94551;48.8452;13.1768
94553;48.8333;12.8000
94554;48.7515;12.9611
94556;48.8842;13.4758
94557;48.7656;13.0241
94559;48.8833;12.8000
94560;48.8619;12.8629
94562;48.7018;12.8248
94563;48.7613;12.8088
94565;48.6771;13.2258
94566;48.9000;13.4167
94568;48.9000;13.4167
94569;48.8167;12.8000
94571;48.8500;13.0667
94572;48.8388;13.2286
94574;48.6842;12.8804
94575;48.6244;13.2219
94577;48.7228;13.0775
94579;48.7913;13.2597
95025;50.3189;11.9074
95027;50.3094;11.9099
95028;50.3209;11.9172
95030;50.3173;11.8961
95032;50.2953;11.9103
95098;50.1762;12.1363
95100;50.1706;12.1305
95111;50.2492;12.0342
95119;50.3303;11.7046
95126;50.2228;11.9350
95131;50.2846;11.6249
95138;50.3665;11.6444
95145;50.2624;11.9348
95152;50.3170;11.7502
95158;50.1519;11.9483
95163;50.1022;11.8885
95168;50.1301;12.0023
95173;50.1997;12.0850
95176;50.2667;11.8500
95179;50.3333;11.6000
95180;50.3747;11.7785
95182;50.2833;11.9500
95183;50.3667;11.9333
95185;50.3221;11.9978
95186;50.1000;12.0833
95188;50.3752;11.7207
95189;50.3333;11.8500
95191;50.3000;11.8000
95192;50.3833;11.6762
95194;50.3000;12.0500
95195;50.0833;11.9833
95197;50.2783;11.7417
95199;50.1064;12.1020
95212;50.1887;11.7974
95213;50.1895;11.7882
95233;50.2356;11.7159
95234;50.1621;11.8435
95236;50.1455;11.6913
95237;50.1833;11.8500
95239;50.1333;11.8000
95326;50.1007;11.4503
95336;50.0999;11.3766
95339;50.1057;11.6052
95346;50.1643;11.5035
95349;50.0254;11.3935
95352;50.1731;11.6339
95355;50.2280;11.5551
95356;50.2031;11.5936
95358;50.1552;11.5648
95359;50.0367;11.3520
95361;50.1000;11.5333
95362;50.1396;11.5776
95364;50.1264;11.5597
95365;50.2000;11.4667
95367;50.0667;11.5500
95369;50.1333;11.5167
95440;49.9461;11.5788
95442;49.9451;11.5781
95444;49.9461;11.5762
95445;49.9431;11.5592
95447;49.9481;11.5783
95448;49.9474;11.5993
95455;49.9158;11.6078
95460;50.0456;11.6724
95463;49.9817;11.6139
95466;49.9416;11.7833
95469;49.8713;11.7812
95473;49.8450;11.6268
95478;49.8701;11.8908
95482;50.0954;11.7377
95485;49.9935;11.7787
95488;49.9348;11.4962
95490;49.9126;11.4659
95491;49.8500;11.4333
95493;50.0512;11.8000
95494;49.9000;11.5333
95496;49.8874;11.4487
95497;50.0109;11.6875
95499;50.0333;11.5667
95500;49.9667;11.5333
95502;50.0667;11.6000
95503;49.9000;11.5167
95505;49.9000;11.8667
95506;49.8333;11.9000
95508;49.9000;11.9000
95509;50.0947;11.6547
95511;49.9126;11.5126
95512;50.0167;11.5000
95514;49.8167;11.8333
95515;49.8833;11.3333
95517;49.8937;11.7053
95519;49.8214;11.7362
95614;50.0072;12.0882
95615;50.0044;12.0859
95631;50.0395;12.0062
95632;50.0392;12.0034
95643;49.8826;12.3311
95652;50.0017;12.3043
95659;50.0577;12.1868
95666;49.9514;12.2852
95671;49.8108;12.4332
95676;49.9082;12.1889
95679;49.9814;12.0629
95680;50.0167;12.0167
95682;49.9597;11.9107
95683;49.9500;11.9333
95685;49.8584;12.2268
95686;50.0029;11.8542
95688;49.8826;12.1012
95689;49.9226;12.1458
95691;50.0950;12.2201
95692;50.0109;12.2271
95694;49.9742;11.8620
95695;49.9109;12.5245
95697;49.9833;11.9167
95698;49.9804;12.4437
95700;49.9333;11.9667
95701;49.9667;12.1667
95703;49.7840;12.3100
95704;49.9333;12.0000
95706;50.0821;12.2274
95707;50.0761;12.1265
95709;50.0167;11.9500
96035;52.5025;13.4070
96039;50.7393;7.1024
96044;49.9211;10.9057
96045;49.9004;10.8980
96047;49.8934;10.8911
96049;49.8800;10.8834
96050;49.8883;10.9185
96052;49.9083;10.8951
96060;49.9189;10.9223
96061;49.9090;10.8718
96063;50.1069;8.6399
96076;52.5044;13.3460
96077;49.9188;10.8951
96103;49.9290;10.8754
96106;50.0955;10.7983
96110;49.9757;11.0330
96114;49.8179;10.9892
96117;49.9301;10.9592
96120;49.9109;10.8321
96123;49.9144;11.0103
96126;50.2085;10.6600
96129;49.8443;10.9721
96132;49.7562;10.6187
96135;49.8654;10.8438
96138;49.8283;10.7434
96142;49.9379;11.2915
96145;50.1897;10.8420
96146;49.8000;11.0167
96148;49.9859;10.8518
96149;49.9721;10.8859
96151;50.0167;10.7000
96152;49.7331;10.6007
96154;49.8273;10.5963
96155;49.8036;11.0300
96157;49.8481;10.4967
96158;49.8167;10.8667
96160;49.7736;10.4706
96161;50.0333;10.8000
96163;49.9371;10.9199
96164;49.9549;10.8778
96166;50.0443;10.7178
96167;49.9460;11.1652
96169;49.9732;10.7884
96170;49.9075;10.7300
96172;49.7544;10.7756
96173;49.9325;10.8147
96175;49.8300;10.9284
96176;50.1500;10.7333
96178;49.7667;10.8167
96179;50.0150;10.8886
96181;49.8833;10.6167
96182;50.0167;10.8333
96184;50.0634;10.7992
96185;49.8570;10.6902
96187;50.0032;11.1976
96188;49.9719;10.7239
96190;50.1275;10.8563
96191;49.9222;10.7772
96193;49.7519;10.7134
96194;49.8667;10.7833
96196;50.0326;11.1262
96197;49.9761;11.3005
96199;50.0178;10.9324
96215;50.1457;11.0593
96222;50.1407;11.2469
96223;50.1407;11.2469
96224;50.1409;11.2520
96231;50.1020;11.0013
96237;50.3290;11.1527
96242;50.2167;11.1333
96247;50.1680;11.1139
96250;50.0664;10.9583
96253;50.1942;10.9745
96257;50.1836;11.2083
96260;50.0851;11.2402
96264;50.1250;11.2503
96268;50.2511;11.2082
96269;50.1760;10.9505
96271;50.2299;11.0198
96272;50.1501;11.1712
96274;50.1500;10.9000
96275;50.1667;11.1669
96277;50.2118;11.1940
96279;50.2035;11.1401
96317;50.2396;11.3331
96328;50.1912;11.2668
96332;50.3524;11.3097
96337;50.4860;11.3873
96342;50.3064;11.2817
96346;50.2685;11.4706
96349;50.2944;11.4629
96352;50.3111;11.3728
96355;50.4698;11.2589
96358;50.4243;11.4130
96361;50.4390;11.3692
96364;50.2500;11.3833
96365;50.3741;11.5099
96367;50.4000;11.4500
96369;50.2000;11.3500
96435;50.2636;10.9591
96436;50.2666;10.9599
96438;50.2831;10.9736
96441;50.2647;10.9666
96444;50.2636;10.9591
96447;50.2636;10.9591
96448;50.2636;10.9591
96450;50.2594;10.9638
96465;50.3298;11.1206
96472;50.2952;11.0412
96475;50.3379;10.7804
96476;50.3333;10.7833
96479;50.2560;10.8799
96482;50.2376;10.9542
96484;50.3212;10.9070
96486;50.3333;10.9667
96487;50.2833;11.0000
96489;50.2200;10.9909
96515;50.3592;11.1746
96523;50.4500;11.2250
96524;50.3417;11.2318
96528;50.3954;11.0073
97024;49.7823;9.9296
97025;49.7999;9.9170
97064;49.7958;9.9368
97066;49.7971;9.9410
97067;49.7938;9.9336
97070;49.7971;9.9337
97072;49.7829;9.9366
97074;49.7802;9.9416
97076;49.8044;9.9770
97078;49.8118;9.9635
97080;49.8017;9.9058
97082;49.7899;9.9206
97084;49.7685;9.9382
97099;49.7896;10.0321
97101;49.7991;9.9474
97103;49.8027;10.0014
97199;49.6643;10.0623
97204;49.7845;9.8822
97209;49.8328;9.8817
97215;49.5441;10.2329
97218;49.7753;9.9936
97222;49.8569;9.9571
97225;49.8974;9.8175
97227;49.7929;10.0314
97228;49.7923;10.0259
97230;49.8290;10.0059
97232;49.6531;9.9444
97234;49.7319;9.9148
97236;49.7602;9.9828
97237;49.7167;9.7500
97239;49.5527;10.0653
97241;49.9000;10.0868
97243;49.5173;10.0091
97244;49.5991;9.8799
97246;49.7239;9.9996
97247;49.8833;10.1667
97249;49.7597;9.8311
97250;49.8597;9.8442
97252;49.6667;10.0833
97253;49.6333;10.0000
97255;49.5931;10.0202
97256;49.6836;9.9022
97258;49.6000;10.1333
97259;49.8167;9.7667
97261;49.8697;9.9050
97262;49.9333;10.0167
97264;49.7618;9.7080
97265;49.7994;9.8150
97267;49.9239;9.8017
97268;49.6561;9.8578
97270;49.7428;9.8439
97271;49.7003;9.8447
97273;49.8500;10.0333
97274;49.8619;9.8049
97276;49.8375;9.8639
97277;49.7309;9.6716
97279;49.8631;10.1267
97280;49.8048;9.6948
97282;49.9125;9.8819
97283;49.5572;9.9781
97285;49.5097;9.9708
97286;49.7068;10.0261
97288;49.7540;10.0306
97289;49.9414;9.8586
97291;49.8783;9.8492
97292;49.7947;9.7306
97294;49.8689;10.0440
97295;49.7586;9.8036
97297;49.7883;9.8467
97299;49.8121;9.8696
97318;49.7667;10.1507
97320;49.7598;10.1481
97332;49.8635;10.2281
97334;49.8500;10.2079
97337;49.8029;10.1652
97340;49.6654;10.1481
97342;49.6586;10.1642
97346;49.7024;10.2604
97348;49.6866;10.2500
97350;49.7079;10.2190
97353;49.7945;10.3451
97355;49.7650;10.3401
97357;49.8193;10.3477
97359;49.7996;10.2298
97412;50.0500;10.2333
97418;50.0434;10.2197
97419;50.0368;10.2123
97420;50.0423;10.2315
97421;50.0442;10.2267
97422;50.0545;10.2441
97424;50.0348;10.2064
97437;50.0352;10.5156
97440;49.9820;10.0988
97447;49.9002;10.3483
97450;49.9777;9.9698
97453;50.0501;10.3081
97456;50.0721;10.2197
97461;50.1368;10.5232
97464;50.0615;10.1827
97469;50.0167;10.2833
97475;50.0024;10.6098
97478;49.9833;10.5500
97483;49.9715;10.6671
97486;50.0808;10.5676
97488;50.1871;10.3616
97490;50.1000;10.1424
97491;50.1500;10.4333
97493;50.0103;10.1809
97494;50.2167;10.5167
97496;50.1415;10.6498
97497;49.9071;10.3903
97499;49.9667;10.4167
97500;49.9857;10.6744
97502;50.0620;10.1369
97503;50.0333;10.3500
97505;50.0429;10.1561
97506;50.0000;10.2000
97508;49.9833;10.3167
97509;49.9167;10.2333
97511;49.8681;10.3213
97513;49.9000;10.4333
97514;49.9271;10.6333
97516;49.8605;10.4100
97517;50.1654;10.2048
97519;50.1000;10.4667
97520;49.9833;10.2167
97522;49.9833;10.6000
97523;49.9217;10.1387
97525;49.9904;10.2478
97526;50.0390;10.2599
97528;50.2408;10.5628
97529;49.9500;10.3333
97531;50.0111;10.4278
97532;50.0918;10.2686
97534;49.9643;10.1200
97535;50.0948;10.0302
97537;49.9167;10.1667
97539;50.0167;10.4667
97615;50.3246;10.2184
97616;50.3217;10.2120
97618;50.3333;10.2531
97631;50.3008;10.4689
97633;50.3188;10.4333
97638;50.4285;10.3033
97640;50.4034;10.2878
97645;50.4600;10.2306
97647;50.5000;10.1842
97650;50.5205;10.1458
97653;50.4024;10.0075
97654;50.4008;10.2037
97656;50.4412;10.1169
97657;50.3482;10.0081
97659;50.3810;10.1044
97685;50.1970;10.0774
97688;50.2023;10.0778
97702;50.2464;10.2019
97705;50.2713;9.9916
97708;50.2665;10.0790
97711;50.2010;10.3191
97714;50.1500;10.1333
97717;50.1485;10.0233
97720;50.2206;10.1230
97723;50.1990;9.9588
97724;50.2764;10.1794
97725;50.1474;9.9615
97727;50.1082;9.9337
97729;50.1404;10.0678
97737;50.0495;9.7059
97753;49.9603;9.7724
97762;50.1163;9.8914
97769;50.3085;9.7898
97772;50.3776;9.9109
97773;50.1782;9.5755
97775;50.1497;9.6512
97776;49.9859;9.8090
97778;50.1500;9.5833
97779;50.2806;9.8955
97780;50.0167;9.7833
97782;50.1227;9.7405
97783;50.0409;9.7853
97785;50.1922;9.6170
97786;50.3956;9.7725
97788;50.0333;9.6500
97789;50.2833;9.8000
97791;50.2088;9.6155
97792;50.3199;9.8610
97794;50.0935;9.6480
97795;50.2681;9.8628
97797;50.1667;9.7833
97799;50.2619;9.6724
97813;49.9986;9.5750
97814;50.0142;9.5904
97816;49.9892;9.5722
97828;49.8454;9.6036
97833;50.0647;9.4689
97834;49.8586;9.6956
97836;49.8703;9.4892
97837;49.8193;9.6273
97839;49.8553;9.5258
97840;49.8694;9.6022
97842;49.8670;9.6381
97843;50.0000;9.4167
97845;49.9302;9.5681
97846;50.0418;9.5199
97848;49.9831;9.5083
97849;49.8956;9.6264
97851;49.8914;9.5926
97852;49.8350;9.4639
97854;49.9528;9.6694
97855;49.8006;9.6067
97857;49.9017;9.6712
97859;50.0333;9.4333
97877;49.7590;9.5085
97892;49.7682;9.5182
97896;49.7535;9.3275
97900;49.6694;9.5236
97901;49.8286;9.4014
97903;49.7435;9.3203
97904;49.7806;9.3803
97906;49.7853;9.4442
97907;49.7919;9.4936
97909;49.7847;9.4118
97922;49.5653;9.7082
97941;49.6247;9.6628
97944;49.4796;9.6401
97947;49.6095;9.7472
97950;49.6654;9.7336
97953;49.6203;9.5958
97956;49.6708;9.6394
97957;49.6192;9.8422
97959;49.4281;9.6861
97980;49.4925;9.7736
97990;49.4787;9.8998
97993;49.4694;10.0312
97996;49.4000;9.9194
97999;49.4944;9.8169
98496;50.6113;10.6848
98497;50.6113;10.6848
98523;50.6367;10.7015
98527;50.6080;10.6957
98528;50.6000;10.7000
98529;50.6000;10.7000
98530;50.5667;10.5727
98544;50.6564;10.6605
98547;50.6622;10.5297
98553;50.5333;10.7566
98554;50.6500;10.6000
98559;50.7044;10.7909
98574;50.7214;10.4439
98587;50.7000;10.5654
98590;50.7120;10.3509
98593;50.7833;10.4867
98596;50.7833;10.4167
98597;50.7519;10.3667
98599;50.8241;10.4445
98610;50.5753;10.4158
98617;50.5290;10.4333
98630;50.3964;10.5376
98631;50.4554;10.4390
98634;50.6099;10.2000
98639;50.6333;10.4000
98646;50.4333;10.6500
98660;50.5000;10.6333
98663;50.2750;10.6833
98666;50.5198;10.9709
98667;50.5233;10.8667
98669;50.4088;10.8095
98673;50.4485;10.8563
98678;50.4472;10.9495
98693;50.7233;10.9186
98701;50.6000;11.0358
98704;50.7056;10.9889
98708;50.6485;11.0047
98711;50.6086;10.8584
98714;50.6333;10.8667
98716;50.7159;10.8374
98724;50.5101;11.1596
98739;50.5333;11.2167
98743;50.5246;11.3068
98744;50.5833;11.1500
98746;50.5667;11.0833
98749;50.4708;11.0621
99060;50.9780;11.1307
99068;50.9594;11.0441
99073;51.0011;10.9996
99075;50.9779;11.1301
99077;50.9793;11.0362
99078;50.9793;11.0362
99079;50.9778;11.0268
99080;50.9625;10.9952
99081;50.9728;11.0279
99084;50.9746;11.0297
99085;50.9945;11.0528
99086;50.9940;11.0276
99087;51.0210;11.0353
99089;50.9968;11.0079
99091;51.0143;10.9929
99092;50.9730;10.9787
99094;50.9833;11.0333
99096;50.9643;11.0410
99097;50.9833;11.0333
99098;50.9833;11.0333
99099;50.9751;11.0637
99100;51.0562;10.8500
99102;50.9167;11.1500
99111;50.9793;11.0362
99112;50.9793;11.0362
99113;50.9769;11.0128
99114;50.9784;11.1229
99115;50.9725;10.9609
99116;50.9723;10.9599
99117;50.9588;11.0517
99130;50.8222;11.0172
99189;51.0828;10.9345
99192;50.9217;10.8898
99195;51.0833;11.0998
99198;51.0333;11.1333
99310;50.8405;11.0333
99326;50.7760;11.0833
99330;50.7667;10.8000
99334;50.8784;11.0500
99338;50.7783;10.8833
99420;50.9794;11.3292
99421;50.9832;11.3290
99423;50.9804;11.3263
99425;50.9833;11.3167
99427;50.9867;11.3156
99428;50.9833;11.2200
99437;50.8900;11.2661
99438;50.9210;11.3001
99439;51.0500;11.3000
99441;50.9333;11.4480
99444;50.8599;11.3439
99448;50.8785;11.2006
99510;51.0592;11.4702
99518;51.0833;11.5845
99610;51.1333;11.2500
99625;51.2130;11.2833
99628;51.1417;11.4172
99631;51.2167;11.0691
99634;51.1558;10.9667
99636;51.2000;11.4203
99638;51.2500;11.1167
99706;51.3697;10.8701
99707;51.3621;11.0250
99713;51.2828;10.7667
99718;51.2500;10.9442
99734;51.5018;10.7957
99735;51.4790;10.7207
99738;51.4968;10.7892
99752;51.4577;10.5535
99755;51.5866;10.6633
99759;51.4167;10.6001
99762;51.5500;10.8667
99765;51.4491;10.8934
99768;51.5757;10.7847
99815;50.9743;10.3183
99817;50.9807;10.3152
99819;50.9333;10.2667
99820;51.0217;10.5101
99826;51.0833;10.3348
99830;51.1369;10.2336
99831;51.0667;10.2475
99834;50.9667;10.1603
99837;50.9333;10.0424
99842;50.8930;10.3657
99846;50.9167;10.4167
99848;50.9722;10.4185
99867;50.9482;10.7019
99869;50.9897;10.7311
99878;50.9175;10.5617
99880;50.9420;10.5844
99885;50.8083;10.7341
99887;50.8418;10.7000
99891;50.8917;10.4597
99893;50.9175;10.5617
99894;50.8575;10.5892
99897;50.7925;10.6157
99947;51.1667;10.6500
99955;51.1833;10.8167
99958;51.1167;10.7833
99974;51.2639;10.4528
99976;51.2639;10.3333
99986;51.1500;10.4482
99988;51.1814;10.3201
99991;51.1482;10.5623
99994;51.2464;10.6833
99996;51.3076;10.5975
99998;51.2333;10.6000
